boundary,construction,dimensions,fig_count,floor,location,open_sides,price,price_per_sqft,transaction,type,garden_park,main_road,pool,width_road,area
Yes,Yes,45 X 32,10,5,Rajarhat,2,23,1597,New Property,Residential Land / Plot,1,1,0,30,1440
Yes,Yes,60 X 60,5,4,Action Area 3,1,60.5,1681,New Property,Residential Land / Plot,1,1,0,8,3600
No,No,,19,,Joka,2,1.4,194,New Property,Residential Land / Plot,0,1,0,25,720
Yes,No,49.2 X 32.8,2,4,Action Area 3,1,90,5574,Resale,Residential Land / Plot,0,1,0,13,1615
No,No,42 X 40,5,Congo,Badu,4,9.5,565,Resale,Residential Land / Plot,1,1,0,3,1680
Yes,No,,1,,Belghoria,2,16.5,1941,Resale,Residential Land / Plot,0,0,0,2,850
No,No,32 X 45,7,,Joka,1,5,347,New Property,Residential Land / Plot,1,1,0,5,1440
No,No,86.6 X 41.3,0,Congo,Cossipore,4,45,1613,Resale,Residential Land / Plot,0,0,0,10,2790
No,No,,7,1,Howrah,1,55,2644,Resale,Residential Land / Plot,0,0,0,3,2080
No,No,,2,3,Joka,3,2,139,Resale,Residential Land / Plot,0,0,0,25,1440
No,No,,3,Congo,Thakurpukur,3,2.7,188,Resale,Residential Land / Plot,0,0,0,25,1440
No,No,84.99 X 48.24,3,1,Ashoknagar,3,25,610,Resale,Residential Land / Plot,1,0,0,10,4100
No,No,40 X 18,9,Congo,Joka,2,1.4,194,Resale,Residential Land / Plot,1,1,0,25,720
No,No,,2,3,"Singur, Nasibpur Road",2,300,694,Resale,Residential Land / Plot,0,0,0,3,43200
Yes,No,,9,,Sonarpur,2,35.1,595,Resale,Residential Land / Plot,0,0,0,10,5895
No,No,,1,Congo,Nazirabad,3,8.5,472,Resale,Residential Land / Plot,0,0,0,45,1800
Yes,No,,5,2,Debendra Pally,2,40,588,Resale,Residential Land / Plot,1,0,0,10,6806
Yes,No,,4,1,Baruipur,4,210,1458,New Property,Residential Land / Plot,1,1,0,10,14400
No,No,,1,,Bhasa,4,70,648,Resale,Residential Land / Plot,0,0,0,9,10800
Yes,Yes,,13,2,Joka,2,1.6,111,Resale,Residential Land / Plot,0,0,0,20,1440
No,No,81 X 53.58,4,,Joka,,15,346,Resale,Residential Land / Plot,1,1,0,,4340
No,No,,0,20,Bagnan,4,45,2066,Resale,Residential Land / Plot,0,0,0,10,2178
No,No,,0,Congo,Baruipur,1,16,556,Resale,Residential Land / Plot,0,0,0,10,2880
Yes,No,47 X 33,0,,Sodepur,2,24.5,1701,Resale,Residential Land / Plot,0,0,0,3,1440
No,No,429 X 295,0,2,Hooghly,2,7.5,521,Resale,Residential Land / Plot,0,1,0,4,1440
Yes,No,,1,3,Nayabad,2,60,4167,Resale,Residential Land / Plot,0,0,0,7,1440
No,No,,1,Congo,Sonarpur,1,16,1067,Resale,Residential Land / Plot,0,0,0,10,1500
No,No,,1,Congo,Sarsuna,2,45,1250,Resale,Residential Land / Plot,0,0,0,32,3600
No,No,,0,,Jagatdal,2,10,694,Resale,Residential Land / Plot,0,0,0,3,1440
No,No,,7,1,Howrah,1,55,2644,Resale,Residential Land / Plot,0,0,0,3,2080
Yes,Yes,,0,5,Terita Bazar,,150,1488,Resale,Residential Land / Plot,0,0,0,,10080
No,No,,0,3,Batanagar,3,15,694,Resale,Residential Land / Plot,0,0,0,2,2160
Yes,No,,4,3,"International Airport, Dum Dum, Jessore Road",2,58,4028,Resale,Residential Land / Plot,0,1,0,14,1440
No,No,,1,6,Rajpur,3,65,1290,Resale,Residential Land / Plot,0,0,0,5,5040
Yes,No,88.99 X 46.97,1,3,"Anandapuri, Barrackpore",1,110,2632,Resale,Residential Land / Plot,0,0,0,3,4180
Yes,No,,1,,"New Garia, Garia",1,60,3509,Resale,Residential Land / Plot,0,1,0,5,1710
Yes,Yes,,4,,Joka,1,1.6,222,Resale,Residential Land / Plot,0,0,0,8,720
No,Yes,966 X 1073,11,4,Action Area 3,4,17,1181,New Property,Residential Land / Plot,1,1,0,20,1440
No,No,,3,Congo,Baranagar,2,35,2160,Resale,Residential Land / Plot,0,0,0,10,1620
No,No,81 X 53.58,4,,Joka,,15,346,Resale,Residential Land / Plot,1,1,0,,4340
Yes,No,,0,4,Sonarpur,,15,694,Resale,Residential Land / Plot,0,0,0,,2160
No,No,,0,,"Kankulia, Dhakuria",4,1500,3472,Resale,Residential Land / Plot,0,0,0,10,43200
No,Yes,24 X 30.42,20,,Joka,2,3.6,492,New Property,Residential Land / Plot,1,1,0,15,730
No,No,,0,,Birati,,100,2778,New Property,Residential Land / Plot,0,0,0,,3600
No,No,80 X 40,2,5,New Town,2,187,5844,Resale,Residential Land / Plot,1,1,0,20,3200
No,No,80 X 40,2,5,New Town,2,187,5844,Resale,Residential Land / Plot,0,1,0,20,3200
Yes,No,,0,,Duillya,2,27,1484,Resale,Residential Land / Plot,0,0,0,4,1820
No,No,,1,,Joka,1,3.5,486,Resale,Residential Land / Plot,0,0,0,4,720
No,No,,1,,Bantala,,280,1051,New Property,Residential Land / Plot,0,1,0,,26640
No,No,53 X 38,0,3,"Narendrapur, Rajpur Sonarpur",2,30,1490,Resale,Residential Land / Plot,0,1,0,10,2014
No,No,,6,Congo,Joka,1,11,382,Resale,Residential Land / Plot,0,0,0,20,2880
Yes,No,,0,1,Rajarhat,,200,2525,Resale,Residential Land / Plot,0,0,0,,7921
No,No,120 X 120,7,3,Bisharpara,3,68,472,Resale,Residential Land / Plot,0,1,0,10,14400
Yes,No,,0,1,Rishra,,250,1578,Resale,Residential Land / Plot,0,0,0,,15840
Yes,No,,0,3,Howrah,,10,690,Resale,Residential Land / Plot,0,0,0,,1450
No,No,,0,,Habra,4,36,1111,Resale,Residential Land / Plot,0,0,0,2,3240
Yes,Yes,53.7 X 40.2,0,4,Kankurgachi,4,80,3703,Resale,Residential Land / Plot,0,0,0,25,2160
Yes,No,,0,3,"Kamrabad, Narendrapur",2,33,1521,Resale,Residential Land / Plot,0,0,0,3,2169
Yes,No,,4,,New Town,,200,2105,Resale,Residential Land / Plot,0,0,0,,9500
No,No,45 X 32,3,1,Debrupayan Nagar,1,15,1042,Resale,Residential Land / Plot,1,1,0,32,1440
Yes,Yes,160 X 156.25,0,1,"Kamalgazi, Narendrapur",2,350,1400,Resale,Residential Land / Plot,0,0,0,4,25000
No,No,40 X 36,17,,Joka,2,8.5,590,New Property,Residential Land / Plot,1,1,0,15,1440
No,No,,2,Congo,Joka,3,2.5,174,Resale,Residential Land / Plot,0,0,0,20,1440
No,No,,0,1,Metiabruz,1,200,1389,Resale,Residential Land / Plot,0,0,0,1,14400
Yes,Yes,50 X 42,14,4,Joka,2,11.3,538,New Property,Residential Land / Plot,1,1,0,10,2100
Yes,No,,3,15,Pailan,4,15,1042,Resale,Residential Land / Plot,0,0,0,7,1440
Yes,Yes,50 X 14.4,11,4,Joka,2,4,556,New Property,Residential Land / Plot,1,1,0,10,720
Yes,Yes,50 X 21.6,13,4,Joka,2,6,556,New Property,Residential Land / Plot,1,1,0,10,1080
Yes,Yes,90 X 40,24,5,New Town,2,41.1,1143,New Property,Residential Land / Plot,0,1,0,10,3600
Yes,Yes,50 X 28.8,7,4,Joka,2,8,556,New Property,Residential Land / Plot,1,1,0,10,1440
No,No,,0,,"Dash Drone, Rajarhat, New Town",2,52.6,2160,Resale,Residential Land / Plot,0,0,0,10,2435
No,No,,0,Congo,New Town,2,30,2083,New Property,Residential Land / Plot,0,0,0,10,1440
Yes,Yes,,0,1,Rahara,,40,2667,Resale,Residential Land / Plot,0,0,0,,1500
Yes,Yes,,0,,Jagtala,2,108,1315,Resale,Residential Land / Plot,0,0,0,8,8211
No,No,,0,3,Harish Nagar,,43.5,486,Resale,Residential Land / Plot,0,0,0,,8956
No,Yes,48 X 30,4,Congo,Joka,4,2,139,Resale,Residential Land / Plot,0,1,0,10,1440
No,No,49 X 33.06,6,5,Action Area 3,1,95,5864,Resale,Residential Land / Plot,0,1,0,13,1620
Yes,No,,1,,Mukundapur,,42,2917,Resale,Residential Land / Plot,0,1,0,,1440
No,No,,0,4,Nayabad,1,60,2778,Resale,Residential Land / Plot,0,0,0,6,2160
Yes,No,,0,,Subhasgram,,9,625,Resale,Residential Land / Plot,0,0,0,,1440
Yes,Yes,35 X 41.14,24,5,New Town,2,16.2,1125,New Property,Residential Land / Plot,0,1,0,10,1440
No,No,,0,,"Rabindra Nagar, Alipore",,150,3473,Resale,Residential Land / Plot,0,0,0,,4320
No,No,,15,,Howrah,,120,1515,New Property,Residential Land / Plot,0,1,0,,7921
No,No,24 X 30,14,,"Diamond Park, Joka",1,3.9,540,New Property,Residential Land / Plot,1,1,0,24,720
No,No,48 X 75,3,6,Sonarpur,2,35,972,New Property,Residential Land / Plot,0,1,0,6,3600
No,No,,0,4,Belghoria,1,39,1653,Resale,Residential Land / Plot,0,0,0,6,2360
Yes,No,,0,,New Town,2,9,417,Resale,Residential Land / Plot,0,0,0,30,2160
Yes,No,52 X 29,1,1,Rajarhat,2,20,1326,Resale,Residential Land / Plot,0,1,0,5,1508
No,No,,0,Congo,Garia,2,29.5,1686,Resale,Residential Land / Plot,0,0,0,10,1750
Yes,Yes,60 X 30,0,5,Action Area 3,2,22.5,1250,New Property,Residential Land / Plot,0,1,0,10,1800
Yes,Yes,70 X 30.86,24,7,Action Area 3,2,26.5,1225,New Property,Residential Land / Plot,0,1,0,10,2160
Yes,Yes,,1,,Rajpur Sonarpur,2,200,1389,Resale,Residential Land / Plot,0,0,0,10,14400
No,No,,0,,Deshbandhu Road,2,43,1991,Resale,Residential Land / Plot,0,0,0,3,2160
No,Yes,24 X 30,15,,"Diamond Park, Joka",1,2,278,New Property,Residential Land / Plot,1,1,0,25,720
No,No,,2,3,Joka,3,2,139,Resale,Residential Land / Plot,0,0,0,25,1440
Yes,Yes,35 X 41.14,24,5,New Town,2,16.6,1150,New Property,Residential Land / Plot,0,1,0,10,1440
No,No,,0,,Behala,2,300,4166,Resale,Residential Land / Plot,0,0,0,16,7201
Yes,No,24 X 30,8,2,"Diamond Park, Joka",4,1,139,New Property,Residential Land / Plot,1,1,0,20,720
Yes,No,,0,3,Mukundapur,,25,1761,Resale,Residential Land / Plot,0,0,0,,1420
No,No,,1,,New Town,3,95,4398,Resale,Residential Land / Plot,0,0,0,10,2160
Yes,No,,0,,Subhasgram,1,25,289,Resale,Residential Land / Plot,0,0,0,30,8641
Yes,No,1637 X 1610,3,4,Thakurpukur,2,65,1805,Resale,Residential Land / Plot,0,0,0,6,3600
No,No,,0,,Joka,1,12,667,Resale,Residential Land / Plot,0,0,0,30,1800
Yes,No,,1,3,Sonarpur,1,21,1419,Resale,Residential Land / Plot,0,0,0,6,1480
No,No,,0,,Joka,2,21,972,Resale,Residential Land / Plot,1,0,0,7,2160
Yes,No,69 X 40.6,0,,Garia,3,112,4019,Resale,Residential Land / Plot,0,1,0,8,2799
Yes,No,465 X 376,2,4,"Panchasayar, Garia",4,40,1852,Resale,Residential Land / Plot,0,0,0,4,2160
Yes,Yes,104 X 50,3,1,Nayabad,3,105,2019,Resale,Residential Land / Plot,0,0,0,12,5200
No,No,30 X 48,3,3,Sonarpur,1,6,417,New Property,Residential Land / Plot,0,1,0,20,1440
Yes,No,,0,5,Rajarhat,,180,2250,Resale,Residential Land / Plot,0,0,0,,8000
Yes,No,,1,4,Harinavi,3,40,2020,Resale,Residential Land / Plot,0,0,0,4,1980
Yes,Yes,,6,,Nabadwip,4,120,1389,Resale,Residential Land / Plot,1,0,0,10,8640
No,Yes,24 X 30,13,Congo,Joka,2,3.5,318,New Property,Residential Land / Plot,1,1,0,20,1100
No,No,,0,,Belur,1,8,667,Resale,Residential Land / Plot,0,0,0,12,1200
No,No,,2,,Action Area 3,2,22.5,1786,Resale,Residential Land / Plot,1,0,0,7,1260
Yes,Yes,,0,3,Garia,3,25,694,Resale,Residential Land / Plot,0,0,0,42,3600
No,No,,0,,New Town,2,45,2083,Resale,Residential Land / Plot,1,0,0,8,2160
No,No,,1,Congo,Rajarhat,2,28,1944,Resale,Residential Land / Plot,1,0,0,8,1440
No,No,,0,,Pailan,2,35,972,Resale,Residential Land / Plot,1,0,0,7,3600
No,No,,0,Congo,Kanchrapara,1,40,533,Resale,Residential Land / Plot,0,0,0,10,7500
No,No,24 X 30,12,,Joka,1,3.5,486,New Property,Residential Land / Plot,1,1,0,20,720
No,No,,0,,Hridaypur,2,20,1818,Resale,Residential Land / Plot,0,0,0,5,1100
No,No,,0,10,"Durgapur, Dhapa",,90,2083,Resale,Residential Land / Plot,0,0,0,,4320
Yes,No,,0,2,Purba Putiary,1,18,1250,Resale,Residential Land / Plot,0,0,0,2,1440
Yes,No,,0,3,Madhyamgram,,8.5,787,Resale,Residential Land / Plot,0,0,0,,1080
Yes,No,,0,1,Sonarpur,,144,1200,Resale,Residential Land / Plot,0,0,0,,12000
Yes,Yes,,5,,Joka,2,3.2,222,Resale,Residential Land / Plot,0,0,0,20,1440
No,No,,0,,Kandarpopur Town,1,130,2131,Resale,Residential Land / Plot,0,0,0,10,6100
No,No,,2,2,Garia,,17,944,Resale,Residential Land / Plot,0,0,0,,1800
No,No,45 X 32,0,2,Bibirhat,2,30,2083,Resale,Residential Land / Plot,0,0,0,2,1440
No,No,44 X 30.68,4,3,Joth Shibrampur,2,26.3,1944,Resale,Residential Land / Plot,0,0,0,3,1350
Yes,No,,0,3,Dankuni,,22,1528,Resale,Residential Land / Plot,0,0,0,,1440
Yes,No,30 X 24,7,3,Joka,4,1,139,New Property,Residential Land / Plot,1,1,0,8,720
Yes,Yes,36 X 40,2,3,"Amtala, Diamond Harbour Road",1,10,694,New Property,Residential Land / Plot,0,1,0,6,1440
Yes,Yes,18 X 40,2,3,"Amtala, Diamond Harbour Road",1,5.1,708,New Property,Residential Land / Plot,0,1,0,6,720
No,No,,0,3,Kheyadah,3,14,402,Resale,Residential Land / Plot,0,0,0,18,3484
Yes,Yes,,2,3,"Naktala, Garia",2,135,352,Resale,Residential Land / Plot,0,0,0,6,38350
No,No,30 X 48,1,3,Diamond Harbour Road,2,14,972,New Property,Residential Land / Plot,0,0,0,7,1440
No,No,,0,,Birlapur,3,13,301,Resale,Residential Land / Plot,0,0,0,6,4320
No,No,960 X 960,10,,"Ghola, Sodepur",1,19,660,New Property,Residential Land / Plot,0,1,0,13,2880
No,No,43.75 X 24,1,3,"Adarsha Pally, Belghoria",3,35,3333,Resale,Residential Land / Plot,0,1,0,10,1050
No,No,,1,,Action Area 3,1,20,694,Resale,Residential Land / Plot,0,0,0,10,2880
Yes,Yes,18 X 40,0,3,"Amtala, Diamond Harbour Road",1,5,694,New Property,Residential Land / Plot,0,0,0,6,720
Yes,Yes,50 X 43.2,8,4,Joka,2,6,278,New Property,Residential Land / Plot,1,1,0,7,2160
No,Yes,,10,4,Action Area 3,4,10,154,New Property,Residential Land / Plot,0,1,0,7,6480
Yes,No,42 X 34.3,4,2,Madhyamgram,2,50,3472,Resale,Residential Land / Plot,0,1,0,4,1440
Yes,Yes,,2,5,Subhasgram,2,150,401,Resale,Residential Land / Plot,0,0,0,10,37440
Yes,Yes,,1,5,Uchhepota,2,19,905,Resale,Residential Land / Plot,0,0,0,20,2100
No,No,,6,,Joka,2,12,556,Resale,Residential Land / Plot,0,0,0,15,2160
No,No,,8,,Joka,1,7,389,Resale,Residential Land / Plot,0,0,0,20,1800
Yes,No,,0,2,Thakurpukur,,300,1377,Resale,Residential Land / Plot,0,0,0,,21780
No,No,,0,3,Chakdaha,,28,1296,Resale,Residential Land / Plot,0,0,0,,2160
Yes,Yes,,1,2,Joka,,4,278,Resale,Residential Land / Plot,0,0,0,,1440
No,No,24 X 30,3,,Joka,1,3.3,451,New Property,Residential Land / Plot,1,1,0,20,720
No,No,,0,,Baruipur,,400,1543,Resale,Residential Land / Plot,0,0,0,,25920
No,Yes,45 X 32,14,,Joka,2,2.8,194,New Property,Residential Land / Plot,1,1,0,25,1440
Yes,Yes,45 X 64,4,3,Joka,2,6.4,222,New Property,Residential Land / Plot,1,1,0,7,2880
Yes,Yes,45 X 64,5,3,Joka,3,8,278,New Property,Residential Land / Plot,1,1,0,7,2880
No,No,,0,20,Bagnan,4,45,2066,Resale,Residential Land / Plot,0,0,0,10,2178
No,No,40 X 55,0,1,Khalisha Kota,2,36,1636,Resale,Residential Land / Plot,0,1,0,4,2200
No,No,45 X 24.44,3,,Joka,1,4,364,New Property,Residential Land / Plot,1,0,0,20,1100
Yes,No,,0,,Bakkhali,3,100,571,Resale,Residential Land / Plot,0,0,0,10,17500
No,No,,1,,Joka,2,3.5,486,Resale,Residential Land / Plot,0,0,0,10,720
Yes,Yes,,0,5,"Narendrapur, Rajpur Sonarpur",3,160,1587,Resale,Residential Land / Plot,0,0,0,15,10080
Yes,Yes,45 X 40,4,3,Joka,2,5.1,283,New Property,Residential Land / Plot,1,1,0,7,1800
No,No,,1,,Thakurpukur,1,8,556,Resale,Residential Land / Plot,0,0,0,10,1440
Yes,Yes,45 X 48,5,3,Joka,2,5.9,273,New Property,Residential Land / Plot,1,1,0,7,2160
Yes,No,,0,3,Bansdroni,,9,417,Resale,Residential Land / Plot,0,0,0,,2160
Yes,Yes,45 X 32,5,3,Joka,2,7.8,542,New Property,Residential Land / Plot,1,1,0,8,1440
Yes,Yes,,1,Congo,Rajarhat,3,185,1762,Resale,Residential Land / Plot,0,0,0,10,10500
No,Yes,,4,,Joka,1,3,278,Resale,Residential Land / Plot,0,0,0,15,1080
No,Yes,40 X 36,4,5,New Town,2,22,1528,New Property,Residential Land / Plot,1,1,0,25,1440
Yes,Yes,45 X 48,6,3,Joka,2,11.7,542,New Property,Residential Land / Plot,1,1,0,7,2160
No,No,49 X 33.06,7,5,Action Area 3,1,95,5864,Resale,Residential Land / Plot,0,1,0,13,1620
No,Yes,,0,4,New Town,3,130,5556,Resale,Residential Land / Plot,1,0,0,18,2340
Yes,Yes,45 X 32,5,3,Joka,2,3.2,222,New Property,Residential Land / Plot,1,1,0,6,1440
No,No,,4,,Joka,1,13.5,625,Resale,Residential Land / Plot,0,0,0,18,2160
Yes,Yes,50 X 43.2,8,4,Joka,2,4.8,222,New Property,Residential Land / Plot,1,1,0,7,2160
No,No,,0,,Barasat,,40,2857,Resale,Residential Land / Plot,0,0,0,,1400
Yes,Yes,45 X 32,6,3,Joka,2,3.8,264,New Property,Residential Land / Plot,1,1,0,7,1440
No,No,,4,Congo,Madhyamgram,4,1000,1389,Resale,Residential Land / Plot,0,0,0,5,72000
No,No,11.99 X 6.67,11,,Joka,1,3.8,341,New Property,Residential Land / Plot,1,1,0,15,1100
No,No,,1,,"Narayanpur, Gopalpur Gram",1,17,1180,Resale,Residential Land / Plot,0,0,0,10,1440
Yes,No,2.15 X 966,3,1,Rajpur,2,18,833,Resale,Residential Land / Plot,0,0,0,2,2160
No,No,24 X 30,11,,Joka,1,2.6,360,New Property,Residential Land / Plot,1,1,0,25,720
No,No,,0,,Kakdwip,1,33,689,Resale,Residential Land / Plot,0,0,0,10,4791
Yes,Yes,36 X 40,0,3,"Amtala, Diamond Harbour Road",1,9.7,670,New Property,Residential Land / Plot,0,1,0,6,1440
Yes,Yes,18 X 40,2,3,Rajarhat,2,13.5,1875,New Property,Residential Land / Plot,1,0,0,6,720
No,No,,1,,Action Area 2,1,30,2609,Resale,Residential Land / Plot,0,0,0,10,1150
Yes,Yes,,1,4,Joka,2,7,324,Resale,Residential Land / Plot,0,0,0,20,2160
Yes,Yes,,4,4,Joka,2,9,313,Resale,Residential Land / Plot,0,0,0,23,2880
Yes,Yes,50 X 43.2,9,4,Joka,2,5.4,250,New Property,Residential Land / Plot,1,1,0,7,2160
Yes,Yes,50 X 28,4,,Joka,2,2,278,Resale,Residential Land / Plot,0,0,0,25,720
No,No,537 X 537,3,,Boral,1,160,1111,New Property,Residential Land / Plot,0,0,0,7,14400
No,No,,0,2,Birati,,40,1389,Resale,Residential Land / Plot,0,0,0,,2880
No,No,,1,,Habra,,19.5,1368,Resale,Residential Land / Plot,0,0,0,,1425
Yes,No,,0,3,Howrah,,34,680,Resale,Residential Land / Plot,0,0,0,,5000
Yes,No,13610 X 3,6,1,"Bishnupur, Mathurapur Road",1,150,367,Resale,Residential Land / Plot,0,0,0,2,40830
Yes,Yes,,0,4,Nayabad,4,125,3472,Resale,Residential Land / Plot,0,0,0,16,3600
Yes,No,,0,5,Madhyamgram,,120,1714,Resale,Residential Land / Plot,0,0,0,,7000
Yes,Yes,,0,4,Joka,1,12,556,Resale,Residential Land / Plot,0,0,0,20,2160
No,No,1120.83 X 120,0,1,Rajarhat,,500,372,New Property,Residential Land / Plot,0,0,0,,134500
Yes,Yes,50 X 43.2,6,4,Joka,2,6.6,306,New Property,Residential Land / Plot,1,1,0,7,2160
No,No,,0,1,Jojra,,900,694,Resale,Residential Land / Plot,0,0,0,,129600
No,No,16800 X 14400,5,12,Jojra,4,900,694,Resale,Residential Land / Plot,0,1,0,12,129600
Yes,No,,0,3,Madhyamgram,,3.6,333,Resale,Residential Land / Plot,0,0,0,,1080
No,Yes,,0,,Joka,1,8,556,Resale,Residential Land / Plot,0,0,0,2,1440
Yes,No,,0,4,Bangaon,,77,1528,Resale,Residential Land / Plot,0,0,0,,5040
Yes,Yes,50 X 28.8,8,4,Joka,2,4,278,New Property,Residential Land / Plot,1,1,0,7,1440
Yes,No,,0,5,Madhyamgram,,80,1684,Resale,Residential Land / Plot,0,0,0,,4752
No,No,,0,15,"Amrabati, Kasba",,300,3333,Resale,Residential Land / Plot,0,0,0,,9000
Yes,Yes,,0,2,Madhugarh,,385,694,Resale,Residential Land / Plot,0,0,0,,55440
No,No,,2,,Baidyabati,1,50,3333,Resale,Residential Land / Plot,0,0,0,10,1500
No,Yes,,9,3,Joka,2,12,89,Resale,Residential Land / Plot,0,0,0,16,13500
No,No,,0,,Nayabad,,100,3546,Resale,Residential Land / Plot,0,0,0,,2820
Yes,Yes,,0,6,Santragachi,,225,3900,Resale,Residential Land / Plot,0,0,0,,5769
Yes,Yes,,0,1,Barasat,,50,3472,Resale,Residential Land / Plot,0,0,0,,1440
No,No,65.6 X 49.2,0,4,Action Area 3,1,145,4490,Resale,Residential Land / Plot,0,0,0,13,3229
Yes,Yes,53.7 X 26.8,37,4,Rajarhat,2,21.6,1500,New Property,Residential Land / Plot,1,1,0,25,1440
Yes,Yes,18 X 40,4,3,Rajarhat,2,14,1944,New Property,Residential Land / Plot,1,1,0,6,720
Yes,No,,1,,Sarsuna,3,65,1806,Resale,Residential Land / Plot,0,1,0,12,3600
No,No,832 X 859,0,,Garia,,26,1806,Resale,Residential Land / Plot,0,0,0,,1440
Yes,Yes,,0,3,"Golf Green, Jadavpur",,250,3472,Resale,Residential Land / Plot,0,0,0,,7200
Yes,No,,0,3,Bishnupur,,65,3611,Resale,Residential Land / Plot,0,0,0,,1800
Yes,No,,0,,"Makhla, Uttarpara Kotrung, Uttarpara, Uttarpara",,500,2778,Resale,Residential Land / Plot,0,0,0,,18000
Yes,No,,0,,Canning,4,110,3056,Resale,Residential Land / Plot,0,0,0,10,3600
Yes,No,,0,3,Vip Road,,360,3571,Resale,Residential Land / Plot,0,0,0,,10080
No,No,,0,2,Hansia,3,7,530,Resale,Residential Land / Plot,0,0,0,10,1320
No,No,,0,3,Rahara,,70,1273,Resale,Residential Land / Plot,0,0,0,,5500
Yes,Yes,18 X 40,1,3,Rajarhat,2,13,1806,New Property,Residential Land / Plot,1,0,0,6,720
No,No,,4,Congo,Joka,1,6.5,361,Resale,Residential Land / Plot,0,0,0,20,1800
Yes,Yes,40 X 54,7,3,Action Area 3,1,30.6,1417,New Property,Residential Land / Plot,0,1,0,10,2160
Yes,No,,0,1,"Amtala, Diamond Harbour Road",,15,1042,Resale,Residential Land / Plot,0,0,0,,1440
No,No,,2,Congo,Birati,1,160,2778,Resale,Residential Land / Plot,0,0,0,2,5761
Yes,No,,1,4,Chinsurah,,24,833,Resale,Residential Land / Plot,0,0,0,,2880
Yes,Yes,36 X 40,8,3,Action Area 3,1,20.4,1417,New Property,Residential Land / Plot,1,0,0,10,1440
No,No,,0,3,Khardaha,3,26,1806,Resale,Residential Land / Plot,0,0,0,12,1440
Yes,Yes,,0,,Baruipur,2,25,1157,Resale,Residential Land / Plot,0,0,0,9,2160
No,Yes,30 X 30,48,,Rajarhat,2,15,1667,Resale,Residential Land / Plot,0,0,0,15,900
No,No,,2,Congo,"Debpukur, Barrackpore",1,10,694,Resale,Residential Land / Plot,0,0,0,4,1440
No,Yes,50 X 14.4,13,4,Joka,2,3.8,528,New Property,Residential Land / Plot,1,1,0,10,720
Yes,Yes,45 X 40,5,5,Action Area 3,2,25.5,1417,New Property,Residential Land / Plot,1,0,0,30,1800
Yes,Yes,50 X 21.6,9,4,Joka,2,5.6,519,New Property,Residential Land / Plot,1,1,0,10,1080
No,Yes,,2,,Madhyamgram,,5,278,Resale,Residential Land / Plot,0,0,0,,1800
No,No,60 X 60,4,,New Town,1,125,3472,Resale,Residential Land / Plot,0,1,0,10,3600
No,No,66 X 48.79,7,5,Action Area 3,2,180,5590,Resale,Residential Land / Plot,1,1,0,13,3220
No,No,49 X 33.06,7,5,Action Area 3,2,95,5864,Resale,Residential Land / Plot,0,1,0,13,1620
Yes,Yes,24 X 30,10,3,Action Area 3,2,10.2,1417,New Property,Residential Land / Plot,0,1,0,10,720
Yes,No,,0,4,"Chit Kalikapur, Mukundapur",,270,1974,Resale,Residential Land / Plot,0,0,0,,13680
No,No,45 X 32,1,Congo,"Tollygunge, Karunamoyee",1,38,2639,Resale,Residential Land / Plot,0,0,0,10,1440
Yes,Yes,45 X 32,10,5,Rajarhat,2,23,1597,New Property,Residential Land / Plot,1,1,0,30,1440
Yes,Yes,17 X 17,4,5,"Desh Bandhu Nagar, Baguiati",2,70,2692,Resale,Residential Land / Plot,0,1,0,10,2600
Yes,No,,1,,Tangra,1,45,3125,Resale,Residential Land / Plot,0,0,0,1,1440
No,No,,0,,Hatiara,,100,2315,Resale,Residential Land / Plot,0,0,0,,4320
No,Yes,,3,,Joka,1,12.5,579,Resale,Residential Land / Plot,0,0,0,20,2160
No,No,,0,1,Shibrampur,,12,1333,Resale,Residential Land / Plot,0,0,0,,900
No,No,,13,,Thakurpukur,,8,460,Resale,Residential Land / Plot,0,0,0,,1740
Yes,No,,0,5,Rajpur Sonarpur,4,180,669,Resale,Residential Land / Plot,0,0,0,9,14400
No,No,,0,1,Joka,,30,1389,Resale,Residential Land / Plot,0,0,0,,2160
No,No,,2,,Madhyamgram,2,450,3472,New Property,Residential Land / Plot,0,0,0,20,12960
No,No,,0,,Salt Lake City,,125,1929,New Property,Residential Land / Plot,0,0,0,,6481
No,No,62 X 38,1,,Shyamnagar,3,18,778,Resale,Residential Land / Plot,0,0,0,18,2313
No,No,24 X 30.21,2,,Joka,2,3.8,524,New Property,Residential Land / Plot,1,1,0,10,725
No,No,48 X 30,0,,Joka,1,2.8,194,Resale,Residential Land / Plot,0,0,0,7,1440
No,No,,0,,"Golf Green, Jadavpur",,960,2083,Resale,Residential Land / Plot,0,0,0,,46080
No,Yes,45 X 32,2,4,Rajarhat,3,14.8,1028,New Property,Residential Land / Plot,1,1,0,10,1440
No,Yes,45 X 32,3,4,Rajarhat,3,14.8,1031,New Property,Residential Land / Plot,1,1,0,10,1440
Yes,Yes,60 X 60,5,4,Action Area 3,1,60.5,1681,New Property,Residential Land / Plot,1,1,0,8,3600
No,Yes,45 X 32,2,4,Rajarhat,3,14.8,1028,New Property,Residential Land / Plot,1,1,0,10,1440
Yes,Yes,60 X 60,6,4,Action Area 3,1,62,1722,New Property,Residential Land / Plot,1,1,0,8,3600
Yes,Yes,40 X 45,6,3,Action Area 3,1,30.8,1708,New Property,Residential Land / Plot,1,1,0,9,1800
No,Yes,45 X 32,2,4,Rajarhat,3,14.8,1029,New Property,Residential Land / Plot,1,1,0,10,1440
No,Yes,24 X 30,13,,Joka,1,3,417,Resale,Residential Land / Plot,1,1,0,20,720
No,No,,0,3,Anandapur,,15,417,Resale,Residential Land / Plot,0,0,0,,3600
Yes,No,,0,4,Habra,,27,1250,Resale,Residential Land / Plot,0,0,0,,2160
Yes,No,,0,3,"Silpara, Purba Barisha",,30,2083,Resale,Residential Land / Plot,0,0,0,,1440
Yes,Yes,,0,,Hati Bagan,,80,926,Resale,Residential Land / Plot,0,0,0,,8641
No,No,68 X 35.74,6,,Rajarhat,2,39,1605,Resale,Residential Land / Plot,0,1,0,5,2430
No,No,22 X 20,3,3,"Amtala, Diamond Harbour Road",4,7,648,Resale,Residential Land / Plot,0,0,0,7,1080
Yes,No,,0,5,"Palta, Barrackpore",4,30,694,Resale,Residential Land / Plot,0,1,0,2,4320
No,No,,1,Congo,Sonarpur,1,16,1067,Resale,Residential Land / Plot,0,0,0,10,1500
No,Yes,24 X 30,9,,Thakurpukur,1,9,625,New Property,Residential Land / Plot,1,1,0,30,1440
No,No,,1,,Duttapukur,3,50,2000,Resale,Residential Land / Plot,0,0,0,10,2500
No,No,,3,,"Silpara, Purba Barisha",2,30,1887,Resale,Residential Land / Plot,0,0,0,2,1590
Yes,No,,0,,Sodepur,,3000,4167,Resale,Residential Land / Plot,0,0,0,,72000
No,No,,0,3,Bally,2,35,1389,Resale,Residential Land / Plot,0,0,0,10,2520
Yes,No,,2,1,Joka,2,10,77,Resale,Residential Land / Plot,0,0,0,24,12960
No,No,,3,Congo,Thakurpukur,3,2.7,188,Resale,Residential Land / Plot,0,0,0,25,1440
Yes,No,,0,4,Sonarpur,,100,2778,Resale,Residential Land / Plot,0,0,0,,3600
No,No,,0,,Sonarpur,4,11.9,413,Resale,Residential Land / Plot,0,0,0,10,2880
No,No,,1,,Sodepur,2,30,1389,Resale,Residential Land / Plot,0,0,0,12,2160
No,No,24 X 30.08,13,,Joka,1,2.7,373,New Property,Residential Land / Plot,1,1,0,10,722
Yes,No,,1,3,Behala,1,57,2639,New Property,Residential Land / Plot,0,0,0,7,2160
No,No,84.99 X 48.24,3,1,Ashoknagar,3,25,610,Resale,Residential Land / Plot,1,0,0,10,4100
No,Yes,,5,,Joka,1,3.6,250,Resale,Residential Land / Plot,0,0,0,15,1440
Yes,No,,3,5,Chakdaha,3,200,2525,Resale,Residential Land / Plot,0,0,0,10,7920
Yes,No,,1,4,Thakurpukur,,16,1111,Resale,Residential Land / Plot,0,1,0,,1440
Yes,No,56 X 50.2,0,3,Rajpur Sonarpur,2,75,2668,Resale,Residential Land / Plot,0,1,0,6,2811
No,No,,0,Congo,Howrah,2,20,2500,Resale,Residential Land / Plot,0,0,0,9,800
No,No,,0,,Shyamnagar,1,18,778,Resale,Residential Land / Plot,0,0,0,10,2313
Yes,No,1798 X 1.07,3,1,"Sakher Bazar, Purba Barisha",2,70,3241,Resale,Residential Land / Plot,0,0,0,4,2160
Yes,No,,0,4,Hindmotor,,18,1250,Resale,Residential Land / Plot,0,0,0,,1440
No,No,,0,1,Sonarpur,,9,357,Resale,Residential Land / Plot,0,0,0,,2520
No,No,,0,5,Madhyamgram,,90,2083,Resale,Residential Land / Plot,0,0,0,,4320
Yes,No,,0,2,Thakurpukur,2,30,1361,Resale,Residential Land / Plot,0,0,0,3,2205
Yes,No,,2,10,Shyamnagar,1,59,2731,Resale,Residential Land / Plot,0,0,0,200,2160
No,No,,0,,Garia,,75,2885,Resale,Residential Land / Plot,0,1,0,,2600
No,No,,0,Congo,Baruipur,1,16,556,Resale,Residential Land / Plot,0,0,0,10,2880
Yes,No,,0,6,Roy Bahadur Road,,200,2857,Resale,Residential Land / Plot,0,0,0,,7000
No,No,40 X 54,2,,Pailan,3,21,972,New Property,Residential Land / Plot,0,1,0,7,2160
Yes,Yes,45 X 32,5,3,Joka,2,4.6,319,New Property,Residential Land / Plot,1,1,0,6,1440
No,Yes,,6,,Joka,2,5.5,382,Resale,Residential Land / Plot,0,0,0,20,1440
Yes,Yes,45 X 48,5,3,Joka,2,6.9,319,New Property,Residential Land / Plot,1,1,0,6,2160
No,No,,1,,Joka,1,5.4,250,Resale,Residential Land / Plot,0,0,0,18,2160
Yes,No,250 X 5.76,0,1,Maheshtala,1,18.5,1285,Resale,Residential Land / Plot,0,0,0,16,1440
No,Yes,24 X 30.21,12,,Joka,2,8.5,472,New Property,Residential Land / Plot,1,1,0,15,1800
No,No,,0,4,Tollygunge,1,70,2414,Resale,Residential Land / Plot,0,0,0,5,2900
No,No,,0,3,"Kanchrapara, Haringhata Road",,1.8,125,Resale,Residential Land / Plot,0,0,0,,1440
Yes,Yes,,4,,Rajarhat,,22.5,1562,Resale,Residential Land / Plot,0,0,0,,1440
Yes,No,,0,4,"Mohan Pur, Barrackpore",,26,1204,Resale,Residential Land / Plot,0,0,0,,2160
Yes,No,,0,3,Sonarpur,2,35,935,Resale,Residential Land / Plot,0,0,0,2,3742
Yes,Yes,,0,1,Kanchrapara,,120,2667,Resale,Residential Land / Plot,0,0,0,,4500
No,No,,0,1,Lake Town,,9,1299,Resale,Residential Land / Plot,0,0,0,,693
Yes,Yes,,0,4,Sodepur,,95,1885,Resale,Residential Land / Plot,0,0,0,,5040
Yes,Yes,,0,2,Howrah,1,60,4166,Resale,Residential Land / Plot,0,0,0,10,1440
No,No,,0,,Sonarpur,1,8,444,Resale,Residential Land / Plot,0,0,0,10,1800
Yes,No,,0,6,Santoshpur,,500,694,Resale,Residential Land / Plot,0,0,0,,72000
Yes,Yes,53.7 X 26.8,0,2,Action Area 3,2,26,1806,New Property,Residential Land / Plot,0,0,0,15,1440
Yes,Yes,,0,1,Lake Town,,9,1299,Resale,Residential Land / Plot,0,0,0,,693
Yes,No,,8,,Rajpur Sonarpur,1,17.4,800,Resale,Residential Land / Plot,0,0,0,10,2176
No,No,,0,3,"Kanchrapara, Haringhata Road",1,18,1250,Resale,Residential Land / Plot,0,0,0,10,1440
No,No,,1,6,Habra,4,390,695,Resale,Residential Land / Plot,0,0,0,10,56170
Yes,No,,0,,Nayabad,1,50,2778,Resale,Residential Land / Plot,0,1,0,7,1800
No,No,56 X 45,7,4,Rajarhat,2,56,2222,Resale,Residential Land / Plot,1,1,0,7,2520
No,Yes,24 X 30,10,,Joka,1,2.4,326,New Property,Residential Land / Plot,1,1,0,15,720
Yes,Yes,32 X 45,1,5,Action Area 3,2,21,1458,New Property,Residential Land / Plot,1,1,0,33,1440
No,No,,1,4,Dankuni,,30,2778,Resale,Residential Land / Plot,0,0,0,,1080
Yes,No,,0,2,Ramrajatala,,25,3374,Resale,Residential Land / Plot,0,0,0,,741
Yes,Yes,53.7 X 40.2,1,5,New Town,2,21,972,New Property,Residential Land / Plot,1,1,0,33,2160
Yes,Yes,53.7 X 40.2,2,2,Action Area 3,2,35.4,1639,New Property,Residential Land / Plot,0,0,0,15,2160
Yes,Yes,53.7 X 26.8,2,2,Action Area 3,2,25,1736,New Property,Residential Land / Plot,0,0,0,15,1440
Yes,Yes,,2,4,Nayabad,1,125,3472,Resale,Residential Land / Plot,1,0,0,20,3600
Yes,Yes,,0,5,Howrah,2,24,833,Resale,Residential Land / Plot,0,0,0,4,2880
Yes,No,,0,3,Barasat,1,20,1389,Resale,Residential Land / Plot,0,0,0,2,1440
No,No,45 X 32,5,Congo,Action Area 3,4,27,1875,New Property,Residential Land / Plot,1,1,0,8,1440
Yes,Yes,32 X 37,1,2,"Ramchandrapur, Narendrapur",2,20,1689,Resale,Residential Land / Plot,0,1,0,8,1184
No,No,,0,2,Sonarpur,,100,3473,Resale,Residential Land / Plot,0,0,0,,2880
No,Yes,24 X 30,12,,Joka,1,2.8,382,New Property,Residential Land / Plot,1,0,0,20,720
Yes,No,1.95 X 738.46,0,4,Nepalgange Julpia Road,4,6,417,Resale,Residential Land / Plot,0,1,0,26,1440
Yes,Yes,,0,,Nayabad,2,50,386,Resale,Residential Land / Plot,0,1,0,20,12960
Yes,Yes,,0,1,New Town,,35,2059,Resale,Residential Land / Plot,0,0,0,,1700
Yes,Yes,,0,3,Action Area 3,1,30,2083,Resale,Residential Land / Plot,0,0,0,8,1440
Yes,Yes,,0,3,Action Area 3,2,14,1944,Resale,Residential Land / Plot,0,0,0,8,720
Yes,No,,0,4,Baruipur,2,27,625,Resale,Residential Land / Plot,0,0,0,5,4320
No,No,,6,,"Bandel, Chinsurah",3,88,1200,Resale,Residential Land / Plot,0,0,0,10,7335
No,No,,6,1,Chakdaha,2,135,2083,Resale,Residential Land / Plot,0,0,0,15,6480
Yes,No,,0,3,Baruipur,,30,1389,Resale,Residential Land / Plot,0,0,0,,2160
Yes,Yes,45 X 32,7,3,Action Area 3,2,28,1944,New Property,Residential Land / Plot,1,1,0,10,1440
Yes,No,,0,3,Baruipur,,30,1389,Resale,Residential Land / Plot,0,0,0,,2160
No,No,,7,,Jagatdal,,20,1034,New Property,Residential Land / Plot,0,1,0,,1935
Yes,Yes,45 X 80,4,3,Action Area 3,4,36,1000,New Property,Residential Land / Plot,1,1,0,8,3600
Yes,No,,0,4,"New Garia, Garia",,125,386,Resale,Residential Land / Plot,0,0,0,,32400
Yes,No,,1,1,"Chandannagar, Hooghly-Chinsurah",,25,735,Resale,Residential Land / Plot,0,0,0,,3402
Yes,Yes,,0,5,"Bauria, Howrah",4,70,583,Resale,Residential Land / Plot,0,0,0,300,12000
No,No,,0,3,Hooghly,,14,972,Resale,Residential Land / Plot,0,0,0,,1440
Yes,Yes,53.7 X 26.8,3,2,New Town,2,25.5,1771,New Property,Residential Land / Plot,1,1,0,15,1440
No,No,45 X 32,4,Congo,Action Area 3,4,26,1806,New Property,Residential Land / Plot,1,1,0,7,1440
Yes,No,,0,,Andul,1,40,1111,New Property,Residential Land / Plot,0,0,0,10,3600
Yes,Yes,,7,5,Nimta,,160,2667,Resale,Residential Land / Plot,0,0,0,,6000
Yes,No,,6,,Sonarpur,,28,1945,Resale,Residential Land / Plot,0,0,0,,1440
Yes,Yes,45 X 32,5,3,Joka,2,4,278,New Property,Residential Land / Plot,1,1,0,7,1440
No,No,,2,,Muragachha,,400,743,Resale,Residential Land / Plot,0,0,0,,28800
Yes,Yes,199.8 X 50.45,1,1,Bakkhali,1,180,1786,Resale,Residential Land / Plot,0,1,0,5,10080
No,No,,1,Congo,Thakurpukur,1,19,880,Resale,Residential Land / Plot,0,0,0,10,2160
No,No,42 X 25,0,2,"Kalua, Joka",1,7.5,694,Resale,Residential Land / Plot,0,0,0,3,1080
Yes,Yes,45 X 48,5,3,Joka,3,3.7,171,New Property,Residential Land / Plot,1,1,0,7,2160
No,Yes,40 X 45,19,,Joka,2,2.4,323,New Property,Residential Land / Plot,1,1,0,10,727
No,No,,1,4,Action Area 3,1,23,639,Resale,Residential Land / Plot,1,1,0,13,3600
Yes,No,40 X 52.5,1,5,Salt Lake City,4,75,3571,Resale,Residential Land / Plot,1,1,0,6,2100
Yes,Yes,,0,4,"Amtala, Diamond Harbour Road",,36,833,Resale,Residential Land / Plot,0,0,0,,4320
Yes,No,,0,4,New Town,4,150,5209,Resale,Residential Land / Plot,0,0,0,5,2880
Yes,No,,2,4,"Narendrapur, Rajpur Sonarpur",,65,1806,Resale,Residential Land / Plot,0,0,0,,3600
Yes,Yes,80.8 X 35.7,0,5,Action Area 3,2,32,1111,New Property,Residential Land / Plot,1,1,0,10,2880
Yes,No,,0,3,Birati,,60,1470,Resale,Residential Land / Plot,0,0,0,,4083
Yes,Yes,45 X 48,5,3,Joka,2,3.8,176,New Property,Residential Land / Plot,1,1,0,7,2160
Yes,Yes,45 X 48,5,3,Joka,2,6,278,New Property,Residential Land / Plot,1,1,0,7,2160
Yes,No,,3,3,"Bauria, Howrah",,35,972,Resale,Residential Land / Plot,0,0,0,,3600
Yes,No,,0,3,Basirhat,,2000,694,Resale,Residential Land / Plot,0,0,0,,288000
No,No,,0,3,Basirhat,,3200,1587,Resale,Residential Land / Plot,0,0,0,,201600
No,No,60 X 46.67,4,,"Makhla, Uttarpara Kotrung, Uttarpara",3,40,1429,Resale,Residential Land / Plot,0,0,0,3,2800
No,No,,1,3,Sodepur,4,10.5,729,Resale,Residential Land / Plot,0,0,0,10,1440
Yes,Yes,18 X 40,0,3,Action Area 3,2,13.5,1875,New Property,Residential Land / Plot,0,1,0,10,720
No,No,,1,,Rishra,2,55,1000,Resale,Residential Land / Plot,0,0,0,10,5500
Yes,No,,2,,Shyamnagar,,12,1026,Resale,Residential Land / Plot,0,0,0,,1170
Yes,No,,0,,Rajarhat,,38,2639,Resale,Residential Land / Plot,0,0,0,,1440
Yes,No,53.7 X 53.7,0,4,Rajarhat,2,90,3125,New Property,Residential Land / Plot,1,1,0,30,2880
Yes,No,38 X 28,0,,Nayabad,2,42,3889,Resale,Residential Land / Plot,0,1,0,6,1080
Yes,No,45 X 40,6,3,Joka,2,5,278,New Property,Residential Land / Plot,1,1,0,7,1800
Yes,Yes,,0,3,Bansdroni,,20,1111,Resale,Residential Land / Plot,0,0,0,,1800
No,Yes,48 X 30,3,3,Joka,3,4.6,319,Resale,Residential Land / Plot,1,0,0,18,1440
Yes,No,,0,3,Khardaha,,25,1736,Resale,Residential Land / Plot,0,0,0,,1440
Yes,No,,0,6,Kona Expressway,,960,2222,Resale,Residential Land / Plot,0,0,0,,43200
Yes,Yes,53.7 X 26.8,2,2,New Town,2,26.5,1840,New Property,Residential Land / Plot,1,1,0,15,1440
Yes,Yes,18 X 40,4,3,Lauhati,2,12,1667,New Property,Residential Land / Plot,0,1,0,6,720
Yes,Yes,36 X 40,3,3,Lauhati,2,24.5,1701,New Property,Residential Land / Plot,0,1,0,6,1440
Yes,No,1.88 X 1181,0,1,Paschim Chowbaga,,40.5,1875,Resale,Residential Land / Plot,0,0,0,,2160
No,No,23 X 31.35,13,,Joka,1,5,345,New Property,Residential Land / Plot,1,1,0,30,1450
No,No,,6,,Thakurpukur,4,29,1915,Resale,Residential Land / Plot,0,0,0,10,1514
Yes,Yes,53.7 X 26.8,2,2,New Town,2,25.5,1771,New Property,Residential Land / Plot,1,1,0,15,1440
Yes,Yes,53.7 X 26.8,24,2,Action Area 3,2,25.5,1771,New Property,Residential Land / Plot,1,1,0,15,1440
No,No,,1,2,Birati,,13,1083,Resale,Residential Land / Plot,0,0,0,,1200
Yes,Yes,,0,4,Khardaha,,30,694,Resale,Residential Land / Plot,0,0,0,,4320
Yes,No,,2,1,Konnagar,,15.5,718,Resale,Residential Land / Plot,0,0,0,,2160
Yes,Yes,,1,5,Action Area 3,2,11,688,Resale,Residential Land / Plot,0,0,0,20,1600
No,No,,12,,Birati,4,15,521,Resale,Residential Land / Plot,0,0,0,10,2880
No,No,,0,1,"Domjur, Howrah",1,12,833,Resale,Residential Land / Plot,0,0,0,5,1440
Yes,Yes,,0,3,Garia,2,38,293,Resale,Residential Land / Plot,0,1,0,10,12960
Yes,No,30 X 24,3,3,Joka,4,1,139,New Property,Residential Land / Plot,1,1,0,8,720
No,No,30 X 25,1,,New Town,1,95,5864,Resale,Residential Land / Plot,0,1,0,13,1620
Yes,Yes,32 X 45,5,3,Action Area 3,1,24.6,1708,New Property,Residential Land / Plot,1,1,0,9,1440
No,No,,0,5,South 24 Parganas,,15,306,Resale,Residential Land / Plot,0,0,0,,4900
Yes,Yes,32 X 45,6,3,Action Area 3,1,25.2,1750,New Property,Residential Land / Plot,1,1,0,10,1440
Yes,No,,2,3,Belghoria,2,34,3778,Resale,Residential Land / Plot,0,0,0,3,900
Yes,Yes,40 X 45,3,3,Action Area 3,1,31.5,1750,New Property,Residential Land / Plot,1,1,0,10,1800
Yes,Yes,45 X 48,3,3,Action Area 3,1,37.8,1750,New Property,Residential Land / Plot,1,1,0,10,2160
No,No,,0,4,Shibrampur,,150,372,Resale,Residential Land / Plot,0,0,0,,40320
Yes,No,30 X 24,7,3,Diamond Harbour Road,4,1,139,New Property,Residential Land / Plot,1,1,0,8,720
Yes,Yes,45 X 48,6,3,Action Area 3,1,36.9,1708,New Property,Residential Land / Plot,1,1,0,9,2160
Yes,Yes,32 X 45,8,3,Action Area 3,1,24.8,1722,New Property,Residential Land / Plot,1,1,0,8,1440
Yes,Yes,,0,3,Garia,,15,370,Resale,Residential Land / Plot,0,0,0,,4050
No,No,,1,7,Action Area 3,3,42,1167,Resale,Residential Land / Plot,0,0,0,35,3600
Yes,Yes,,4,4,Madhyamgram,,13,752,Resale,Residential Land / Plot,0,0,0,,1728
Yes,Yes,60 X 60,58,2,Pailan,2,35,972,Resale,Residential Land / Plot,0,0,0,4,3600
Yes,Yes,,1,4,"Ajoy Nagar, Santoshpur",2,300,1852,Resale,Residential Land / Plot,0,0,0,20,16200
No,No,,0,,Tara,,200,278,Resale,Residential Land / Plot,0,1,0,,72010
No,No,,0,3,Sodepur,,14,1750,Resale,Residential Land / Plot,0,0,0,,800
No,No,,8,3,Barasat,,16,1103,Resale,Residential Land / Plot,0,0,0,,1450
No,No,,0,3,Sonarpur,,12,556,Resale,Residential Land / Plot,0,0,0,,2160
Yes,No,,0,,Ranaghat,,60,3000,Resale,Residential Land / Plot,0,0,0,,2000
Yes,No,52.38 X 21,0,3,Duillya,,16,1455,Resale,Residential Land / Plot,0,0,0,,1100
Yes,No,,0,5,Serampore,,160,2778,Resale,Residential Land / Plot,0,0,0,,5761
Yes,Yes,48 X 60,4,4,Action Area 3,2,50.4,1750,New Property,Residential Land / Plot,1,1,0,10,2880
Yes,Yes,60 X 60,3,4,Action Area 3,1,63,1750,New Property,Residential Land / Plot,1,1,0,10,3600
No,No,,4,,Barrackpore,,65,3824,New Property,Residential Land / Plot,0,1,0,,1700
No,No,,0,Congo,Madhyamgram,4,29.9,1384,Resale,Residential Land / Plot,0,0,0,10,2160
Yes,No,90 X 180,1,1,"Arjunpur, Kaikhali",1,62.5,386,Resale,Residential Land / Plot,0,0,0,10,16200
Yes,No,,4,1,Baruipur,4,210,1458,New Property,Residential Land / Plot,1,1,0,10,14400
No,No,,0,,Action Area 2,1,110,3045,Resale,Residential Land / Plot,0,0,0,12,3612
Yes,No,30 X 72,5,,Action Area 3,2,42,1944,New Property,Residential Land / Plot,1,0,0,8,2160
Yes,No,53.7 X 80.5,0,3,New Town,2,240,5555,Resale,Residential Land / Plot,1,1,0,10,4320
No,No,,0,3,Joka,,5,347,Resale,Residential Land / Plot,0,0,0,,1440
No,No,45 X 48,3,,Joka,1,5.6,259,New Property,Residential Land / Plot,1,1,0,30,2160
No,No,,0,,Jhautala,,13,903,Resale,Residential Land / Plot,0,0,0,,1440
Yes,Yes,,0,4,"Bandel, Chinsurah",3000,27,900,Resale,Residential Land / Plot,0,0,0,3000,3000
Yes,No,,1,,"Mission Pally, Narendrapur",2,18,1667,Resale,Residential Land / Plot,0,0,0,500,1080
Yes,No,,0,3,Khardaha,,50,1050,Resale,Residential Land / Plot,0,0,0,,4763
No,No,24 X 30,5,,Joka,2,3.5,485,Resale,Residential Land / Plot,0,0,0,15,720
No,No,,3,,Joka,2,7.5,521,Resale,Residential Land / Plot,0,0,0,15,1440
No,No,,2,1,Mankundu,,100,992,Resale,Residential Land / Plot,0,0,0,,10080
Yes,No,105 X 123,0,2,Action Area 3,2,11.3,87,Resale,Residential Land / Plot,0,1,0,10,12960
No,No,,0,Congo,Madhyamgram,3,140,809,Resale,Residential Land / Plot,0,0,0,4,17300
Yes,Yes,40 X 45,5,3,Action Area 3,1,31,1722,New Property,Residential Land / Plot,1,1,0,8,1800
Yes,Yes,45 X 48,8,3,Action Area 3,1,37.2,1722,New Property,Residential Land / Plot,1,1,0,8,2160
Yes,Yes,48 X 60,6,3,Action Area 3,1,49.6,1722,New Property,Residential Land / Plot,1,1,0,8,2880
No,Yes,,0,3,Hindmotor,,50,3472,Resale,Residential Land / Plot,0,0,0,,1440
Yes,No,,0,,Parui Mauza,1,45,2500,Resale,Residential Land / Plot,0,0,0,10,1800
Yes,No,30 X 24,7,3,"Diamond Park, Joka",4,1,139,New Property,Residential Land / Plot,1,1,0,8,720
Yes,No,24 X 30,6,3,Joka,4,1.3,181,New Property,Residential Land / Plot,1,1,0,10,720
No,No,49 X 33.06,6,5,Action Area 3,1,95,5864,Resale,Residential Land / Plot,0,1,0,13,1620
Yes,Yes,50 X 35.2,1,4,Rajarhat,2,25.2,1430,New Property,Residential Land / Plot,1,1,0,25,1760
Yes,No,,2,1,Khardaha,,26,890,Resale,Residential Land / Plot,0,0,0,,2920
Yes,No,,0,3,Madhyamgram,,15,1500,Resale,Residential Land / Plot,0,0,0,,1000
Yes,No,30 X 24,7,3,"Diamond Park, Joka",4,1,139,New Property,Residential Land / Plot,1,1,0,8,720
Yes,No,30 X 24,5,3,Bhasa,4,1,139,New Property,Residential Land / Plot,1,1,0,8,720
No,Yes,,3,3,Batanagar,,80,585,Resale,Residential Land / Plot,0,0,0,,13680
Yes,Yes,48 X 60,6,4,Action Area 3,1,49.2,1708,New Property,Residential Land / Plot,1,1,0,9,2880
Yes,Yes,60 X 60,6,4,Action Area 3,1,61.5,1708,New Property,Residential Land / Plot,1,1,0,9,3600
No,Yes,337.99 X 120.36,0,3,"Bidhanpally, Madhyamgram",4,412,1013,Resale,Residential Land / Plot,0,1,0,5,40680
No,No,,5,,Boral,,26,1806,Resale,Residential Land / Plot,0,0,0,,1440
No,Yes,45 X 32,1,4,Rajarhat,3,14.8,1028,New Property,Residential Land / Plot,1,1,0,10,1440
Yes,No,,0,3,Howrah,,45,4065,Resale,Residential Land / Plot,0,0,0,,1107
Yes,No,24 X 30,10,3,Joka,4,1,139,New Property,Residential Land / Plot,1,1,0,8,720
No,Yes,45 X 32,3,4,Rajarhat,3,14.9,1031,New Property,Residential Land / Plot,1,1,0,10,1440
Yes,Yes,,0,,Rajarhat,,8,111,Resale,Residential Land / Plot,0,0,0,,7201
Yes,No,,0,3,Garia,,70,1944,Resale,Residential Land / Plot,0,0,0,,3600
Yes,No,,0,3,Behala,,5,347,Resale,Residential Land / Plot,0,0,0,,1440
Yes,Yes,,0,3,Pailan,,11,611,Resale,Residential Land / Plot,0,0,0,,1800
Yes,Yes,50 X 33.2,3,4,Rajarhat,2,23.5,1413,New Property,Residential Land / Plot,1,1,0,10,1660
Yes,No,66.2 X 55.06,0,5,Sonarpur,1,92,2524,Resale,Residential Land / Plot,0,0,0,13,3645
Yes,Yes,,0,3,Action Area 3,2,25,1736,Resale,Residential Land / Plot,0,0,0,10,1440
No,No,24 X 30,2,Congo,Joka,2,4.3,591,New Property,Residential Land / Plot,1,1,0,20,720
No,No,45 X 32,6,,Joka,1,6.8,472,New Property,Residential Land / Plot,1,1,0,20,1440
No,No,45 X 40,3,,Joka,2,5.8,319,New Property,Residential Land / Plot,1,1,0,20,1800
No,No,24 X 30,6,,Bishnupur,1,3.5,486,New Property,Residential Land / Plot,1,1,0,25,720
No,No,32 X 22.5,8,,Joka,2,3.5,485,New Property,Residential Land / Plot,1,1,0,18,720
Yes,Yes,,0,3,New Town,4,34.5,1597,Resale,Residential Land / Plot,0,1,0,7,2160
Yes,No,44 X 27,4,,Nayabad,1,35,2946,Resale,Residential Land / Plot,0,0,0,20,1188
Yes,Yes,,3,,Barrackpore,2,9,529,Resale,Residential Land / Plot,0,1,0,80,1700
Yes,Yes,,0,3,North 24 Parganas,,8,741,Resale,Residential Land / Plot,0,0,0,,1080
Yes,Yes,53.7 X 26.8,24,2,Action Area 3,2,23,1597,New Property,Residential Land / Plot,1,1,0,15,1440
Yes,No,,9,6,Baruipur,,16,556,Resale,Residential Land / Plot,0,0,0,,2880
Yes,Yes,53.7 X 40.2,2,3,Action Area 3,2,33.3,1539,New Property,Residential Land / Plot,1,1,0,15,2160
Yes,No,,0,4,Nayabad,,50,3472,Resale,Residential Land / Plot,0,0,0,,1440
Yes,No,,0,4,Naihati,,12.6,1111,Resale,Residential Land / Plot,0,0,0,,1135
No,Yes,,0,5,Madhyamgram,,900,2500,Resale,Residential Land / Plot,0,0,0,,36000
Yes,Yes,2 X 540,24,3,Action Area 3,2,19.5,1806,New Property,Residential Land / Plot,1,1,0,15,1080
No,No,,0,1,Satpukur,,9.5,660,Resale,Residential Land / Plot,0,0,0,,1440
Yes,Yes,53.7 X 40.2,1,3,Action Area 3,2,35,1620,New Property,Residential Land / Plot,1,1,0,15,2160
Yes,No,,0,6,Baruipur,,36,833,Resale,Residential Land / Plot,0,0,0,,4320
Yes,No,,0,,Duttapukur,1,300,2000,Resale,Residential Land / Plot,0,0,0,3,15000
No,No,30 X 36,6,Congo,Action Area 3,1,12.8,1185,New Property,Residential Land / Plot,0,1,0,6,1080
Yes,Yes,,0,3,Joka,2,4.9,272,Resale,Residential Land / Plot,0,1,0,7,1800
No,No,50 X 28.8,5,Congo,Joka,2,12,556,New Property,Residential Land / Plot,1,1,0,7,2160
No,No,,1,4,Chinsurah,2,40,1429,Resale,Residential Land / Plot,0,0,0,4,2800
Yes,Yes,36 X 40,2,3,"Amtala, Diamond Harbour Road",1,4.9,340,New Property,Residential Land / Plot,0,1,0,6,1440
No,No,,0,,"Narendrapur, Rajpur Sonarpur",,17,1181,New Property,Residential Land / Plot,0,1,0,,1440
No,No,,0,,Dhulagori,,1100,2122,Resale,Residential Land / Plot,0,1,0,,51840
No,No,,0,1,Madhyamgram,,45,2812,Resale,Residential Land / Plot,0,0,0,,1600
Yes,Yes,53.7 X 26.8,1,2,Action Area 3,2,25,1736,New Property,Residential Land / Plot,1,1,0,15,1440
Yes,Yes,,0,3,Birati,,30,1667,Resale,Residential Land / Plot,0,0,0,,1800
Yes,No,,0,4,Sardarhat,,45,3000,Resale,Residential Land / Plot,0,0,0,,1500
No,No,,0,2,Howrah,,100,1867,Resale,Residential Land / Plot,0,0,0,,5355
No,No,,0,Congo,Kabardanga,2,15,1154,Resale,Residential Land / Plot,0,0,0,6,1300
Yes,No,,0,5,Boral,,96,4445,Resale,Residential Land / Plot,0,0,0,,2160
No,No,,2,Congo,Sodepur,3,14,1000,Resale,Residential Land / Plot,0,1,0,12,1400
Yes,Yes,18 X 40,2,3,Rajarhat,2,12,1667,New Property,Residential Land / Plot,0,1,0,6,720
No,No,24 X 30,3,Congo,Action Area 3,1,8.5,1181,New Property,Residential Land / Plot,0,1,0,6,720
No,No,,3,Congo,Joka,1,2.3,312,Resale,Residential Land / Plot,0,0,0,20,720
Yes,No,,0,5,"Narendrapur, Rajpur Sonarpur",2,100,2778,Resale,Residential Land / Plot,0,1,0,30,3600
No,No,,2,4,Thakurpukur,,100,3221,Resale,Residential Land / Plot,0,0,0,,3105
No,No,,0,4,Subhasgram,,24,1450,Resale,Residential Land / Plot,0,0,0,,1655
Yes,Yes,42 X 36,1,5,Rajarhat,2,23.5,1554,New Property,Residential Land / Plot,1,1,0,30,1512
Yes,No,,3,6,Thakurpukur,1,60,833,Resale,Residential Land / Plot,0,0,0,70,7201
Yes,No,,1,3,Purba Barisha,,42,2471,Resale,Residential Land / Plot,0,0,0,,1700
Yes,No,,7,5,"Narendrapur, Rajpur Sonarpur",1,600,1488,Resale,Residential Land / Plot,0,1,0,7,40320
No,No,,0,4,Kasba,,50,3472,Resale,Residential Land / Plot,0,0,0,,1440
Yes,No,,0,,Barrackpore,,42,2917,Resale,Residential Land / Plot,0,0,0,,1440
Yes,Yes,,2,1,Canning,,150,2447,Resale,Residential Land / Plot,0,0,0,,6129
Yes,No,21970 X 6.03,0,20,"Titagarh, Barrackpore",4,1600,1208,Resale,Residential Land / Plot,0,1,0,32,132500
Yes,No,,0,3,Maheshtala,2,160,1389,Resale,Residential Land / Plot,0,0,0,5,11520
No,No,,2,,Shibrampur,2,12,833,Resale,Residential Land / Plot,0,0,0,10,1440
No,No,,3,,Action Area 3,1,118,5463,Resale,Residential Land / Plot,0,0,0,13,2160
Yes,Yes,70 X 314.29,0,2,"New Market Area, Taltala",1,500,2273,Resale,Residential Land / Plot,0,0,0,2,22000
No,No,,2,5,North 24 Parganas,,140,972,Resale,Residential Land / Plot,0,0,0,,14400
No,No,,0,Congo,"Bandel, Chinsurah",4,50,631,Resale,Residential Land / Plot,0,0,0,4,7921
No,No,50 X 28.8,13,,Joka,2,7.8,542,New Property,Residential Land / Plot,1,1,0,7,1440
No,No,53.7 X 26.8,5,1,Action Area 3,,22,1528,Resale,Residential Land / Plot,0,0,0,,1440
No,No,,0,4,Beleghata,,4000,3703,Resale,Residential Land / Plot,0,0,0,,108000
No,No,40 X 36,1,Congo,Joka,2,2.7,375,Resale,Residential Land / Plot,0,0,0,20,720
No,Yes,45 X 32,0,4,Debrupayan Nagar,3,8.4,583,Resale,Residential Land / Plot,0,0,0,9,1440
No,No,24 X 30,17,,Joka,2,2.3,319,New Property,Residential Land / Plot,1,1,0,25,720
Yes,No,,0,,Madhyamgram,1,27,1667,Resale,Residential Land / Plot,0,0,0,5,1440
No,No,,2,4,Action Area 3,1,90,5556,Resale,Residential Land / Plot,0,0,0,13,1620
Yes,Yes,,0,,Kasba,1,900,2083,New Property,Residential Land / Plot,0,1,0,10,43200
No,No,,2,4,Action Area 3,2,125,5806,Resale,Residential Land / Plot,0,0,0,13,2153
Yes,No,,0,5,"Palta, Barrackpore",2,36,1667,New Property,Residential Land / Plot,0,0,0,9,2160
Yes,No,,0,,Action Area 3,,21,1458,Resale,Residential Land / Plot,1,1,1,,1440
Yes,Yes,,1,5,Santipur,2,50,990,Resale,Residential Land / Plot,0,0,0,2,5050
No,Yes,,6,,Piali,,5,694,Resale,Residential Land / Plot,0,0,0,,720
No,Yes,,6,,Piali,,1,139,Resale,Residential Land / Plot,0,0,0,,720
No,No,53.7 X 53.7,0,4,"Ghola, Sodepur",3,19,660,Resale,Residential Land / Plot,0,1,0,8,2880
Yes,No,45 X 70,0,5,"Bosepukur, Kasba",1,35,972,Resale,Residential Land / Plot,0,0,0,20,3600
Yes,No,,4,4,Shyamnagar,1,26,1204,Resale,Residential Land / Plot,0,0,0,18,2160
Yes,Yes,,0,6,"Gariahat Road, Gariahat",2,2000,2771,Resale,Residential Land / Plot,0,1,0,120,72180
No,No,32 X 45,7,,Joka,1,5,347,New Property,Residential Land / Plot,1,1,0,5,1440
Yes,Yes,35 X 41.14,2,2,Sonarpur,4,16,1111,New Property,Residential Land / Plot,1,1,0,4,1440
Yes,No,,36,5,Rajarhat,2,125,87,Resale,Residential Land / Plot,1,1,1,16,144000
Yes,No,,0,18,New Town,1,6,171,New Property,Residential Land / Plot,0,0,0,20,3500
No,No,,0,Congo,Joka,2,3.8,264,Resale,Residential Land / Plot,0,1,0,7,1440
Yes,Yes,28 X 45.71,7,4,Purbasa,4,14,1094,New Property,Residential Land / Plot,0,1,0,4,1280
No,No,32 X 56.25,4,5,Sonarpur,2,17.5,972,New Property,Residential Land / Plot,0,1,0,5,1800
No,No,55 X 78.55,5,5,Sonarpur,2,42,972,New Property,Residential Land / Plot,0,1,0,15,4320
No,No,,7,Congo,Basirhat,1,36,595,Resale,Residential Land / Plot,0,0,0,10,6050
Yes,Yes,40 X 36,2,4,Action Area 2,2,22.6,1569,New Property,Residential Land / Plot,1,1,0,30,1440
Yes,No,,0,1,"Santoshree Pally, Thakurpukur",,40,1389,Resale,Residential Land / Plot,0,0,0,,2880
No,No,,0,Congo,Rajpur Sonarpur,2,75,359,Resale,Residential Land / Plot,0,0,0,6,20880
No,No,,2,Congo,Joka,1,6,417,Resale,Residential Land / Plot,0,0,0,20,1440
Yes,Yes,40 X 44.5,8,5,New Town,2,22.5,1264,New Property,Residential Land / Plot,1,1,0,30,1780
No,No,44 X 32.89,2,2,Subhasgram,1,13.5,933,Resale,Residential Land / Plot,0,0,0,3,1447
Yes,No,40 X 72,4,5,Sonarpur,2,28,972,New Property,Residential Land / Plot,0,1,0,5,2880
Yes,No,,0,4,Naihati,,99,1650,Resale,Residential Land / Plot,0,0,0,,6000
No,No,,4,,Joka,2,2.5,347,Resale,Residential Land / Plot,0,0,0,20,720
No,No,,5,Congo,Joka,2,1.9,257,Resale,Residential Land / Plot,0,0,0,20,720
No,No,,6,,Joka,1,3,417,Resale,Residential Land / Plot,0,0,0,20,720
Yes,Yes,41.99 X 34.29,5,Congo,Action Area 3,3,21.4,1486,Resale,Residential Land / Plot,0,1,0,10,1440
Yes,No,,0,,Nayabad,1,45,3125,Resale,Residential Land / Plot,0,1,0,6,1440
Yes,No,,0,,"Madurdaha, Hussainpur",1,45,3125,Resale,Residential Land / Plot,0,1,0,5,1440
No,No,1250 X 1,7,5,Action Area 2,2,24,1920,Resale,Residential Land / Plot,1,1,0,13,1250
Yes,No,,2,4,New Alipore,2,500,1736,Resale,Residential Land / Plot,0,1,0,25,28800
No,Yes,,0,3,"Ganga Nagar, Mukundapur",1,25,1722,Resale,Residential Land / Plot,0,0,0,10,1452
No,No,,1,3,New Town,1,22,1528,Resale,Residential Land / Plot,0,0,0,18,1440
Yes,No,,10,5,Rajpur Sonarpur,2,18,417,Resale,Residential Land / Plot,0,0,0,4,4320
No,No,1288 X 1342,1,4,Ruby Hospital Area,1,7,972,Resale,Residential Land / Plot,0,0,0,20,720
No,No,,1,,Rajarhat,3,198,5500,Resale,Residential Land / Plot,0,0,0,10,3600
Yes,No,,0,,"Madurdaha, Hussainpur",1,70,3241,Resale,Residential Land / Plot,0,1,0,6,2160
No,No,30 X 24,14,Congo,Bishnupur,1,2.5,347,Resale,Residential Land / Plot,1,0,0,10,720
No,Yes,18 X 12,4,3,Action Area 3,3,20,1389,Resale,Residential Land / Plot,0,1,0,30,1440
No,No,,0,,New Town,,10,909,Resale,Residential Land / Plot,0,0,0,,1100
Yes,Yes,134 X 32.2,1,4,Sonarpur,1,9,208,Resale,Residential Land / Plot,0,1,0,30,4320
No,No,,2,,New Town,1,23,1825,Resale,Residential Land / Plot,0,1,0,6,1260
No,No,30 X 48,7,,Joka,1,3.5,486,Resale,Residential Land / Plot,1,0,0,10,720
No,No,80 X 32.5,2,1,"Domjur, Howrah",,14,538,Resale,Residential Land / Plot,0,0,0,,2600
Yes,Yes,402 X 443,3,1,Kona,2,66,3055,Resale,Residential Land / Plot,0,0,0,3,2160
Yes,Yes,,0,,Thakurpukur,,120,1667,Resale,Residential Land / Plot,0,0,0,,7201
No,Yes,,1,Congo,Rajarhat,2,150,2604,Resale,Residential Land / Plot,0,0,0,8,5761
Yes,Yes,33 X 17,6,1,Subhasgram,2,50,1170,Resale,Residential Land / Plot,1,0,0,8,4275
Yes,Yes,50 X 14.4,6,4,Joka,2,1.8,250,New Property,Residential Land / Plot,1,1,0,7,720
Yes,Yes,50 X 21.6,7,4,Joka,2,3,278,New Property,Residential Land / Plot,1,1,0,7,1080
Yes,Yes,50 X 14.4,8,4,Joka,2,2.1,292,New Property,Residential Land / Plot,1,1,0,7,720
Yes,Yes,50 X 14.4,12,4,Joka,2,2,278,New Property,Residential Land / Plot,1,1,0,7,720
No,No,,0,,Rajpur Sonarpur,,18,417,Resale,Residential Land / Plot,0,1,0,,4320
No,No,,0,,Sarsuna,,72,3139,Resale,Residential Land / Plot,0,0,0,,2294
No,No,1610 X 805,8,8,"Ramchandrapur, Narendrapur",4,27,1250,Resale,Residential Land / Plot,0,0,0,10,2160
No,No,,7,Congo,Joka,1,5.8,266,Resale,Residential Land / Plot,0,0,0,20,2160
No,No,,2,4,Jamandapara,4,16,1111,Resale,Residential Land / Plot,0,0,0,5,1440
Yes,No,,0,4,Garia,2,140,3889,Resale,Residential Land / Plot,0,0,0,57,3600
No,No,,0,3,Garia,,130,1806,Resale,Residential Land / Plot,0,0,0,,7200
No,No,,0,5,Nalpur,,15,417,Resale,Residential Land / Plot,0,0,0,,3600
Yes,No,24 X 30,5,1,Khariberia,4,1,139,New Property,Residential Land / Plot,1,1,0,8,720
Yes,No,,0,2,"Chinar Park, Rajarhat",2,62,3444,Resale,Residential Land / Plot,0,1,0,12,1800
Yes,Yes,,1,1,Subhasgram,1,50,868,New Property,Residential Land / Plot,1,1,0,10,5761
Yes,Yes,,0,2,"Kudghat, Ashok Nagar",1,30,2083,Resale,Residential Land / Plot,0,0,0,2,1440
No,No,,0,3,Rajarhat,1,28,1296,Resale,Residential Land / Plot,0,0,0,2,2160
No,No,,0,,Abada,,10,463,Resale,Residential Land / Plot,0,0,0,,2160
No,No,,0,,Chakdaha,,9,417,Resale,Residential Land / Plot,0,0,0,,2160
No,No,32 X 41,1,5,Garia,,50,3811,Resale,Residential Land / Plot,0,1,0,,1312
Yes,Yes,48 X 45,2,5,Rajarhat,2,21.9,1014,New Property,Residential Land / Plot,1,1,0,30,2160
No,No,,6,,Hatiara,,20.5,2500,New Property,Residential Land / Plot,1,1,0,,820
Yes,Yes,,0,1,Shyamnagar,,50,1736,Resale,Residential Land / Plot,0,0,0,,2880
Yes,No,100 X 76.08,9,4,Nayabad,1,191,2522,Resale,Residential Land / Plot,0,0,0,6,7608
No,No,40 X 30,8,,Joka,1,5.5,303,New Property,Residential Land / Plot,1,1,0,25,1800
Yes,No,,2,4,Hridaypur,2,125,3473,Resale,Residential Land / Plot,0,0,0,10,3600
No,No,30 X 24,8,,Joka,1,2.8,382,New Property,Residential Land / Plot,1,0,0,5,720
No,Yes,45 X 31.11,19,,Joka,1,3.6,257,New Property,Residential Land / Plot,1,1,0,25,1400
Yes,No,1.07 X 671,2,1,"Palta, Barrackpore",,16,2222,Resale,Residential Land / Plot,0,0,0,,720
No,No,,0,,Barrackpore,,20,1852,New Property,Residential Land / Plot,0,0,0,,1080
Yes,Yes,,13,2,Joka,2,1.6,111,Resale,Residential Land / Plot,0,0,0,20,1440
Yes,No,57 X 64,3,,Behala,3,78.3,2146,Resale,Residential Land / Plot,0,0,0,4,3648
Yes,No,,0,,Sodepur,,50,633,Resale,Residential Land / Plot,0,0,0,,7893
No,No,56 X 257.14,2,3,Sonarpur,1,60,417,Resale,Residential Land / Plot,0,1,0,30,14400
No,No,,0,4,Hindmotor,,12,667,Resale,Residential Land / Plot,0,0,0,,1800
No,No,,2,,Chinsurah,1,99,2292,Resale,Residential Land / Plot,0,0,0,10,4320
Yes,Yes,,37,4,Rajarhat,2,42,2000,Resale,Residential Land / Plot,0,1,0,6,2100
No,No,46 X 54.78,1,,Action Area 3,2,50,1984,Resale,Residential Land / Plot,0,1,0,7,2520
No,No,,0,3,Sodepur,,50,2779,Resale,Residential Land / Plot,0,0,0,,1799
No,Yes,,0,4,Ruby Hospital Area,1,48,1667,Resale,Residential Land / Plot,0,0,0,10,2880
No,No,,0,4,Bishnupur,,9,417,Resale,Residential Land / Plot,0,0,0,,2160
Yes,Yes,,2,,Joka,2,1.4,409,Resale,Residential Land / Plot,0,0,0,25,342
No,No,,0,4,Dankuni,,12,373,Resale,Residential Land / Plot,0,0,0,,3217
No,No,,0,4,Tollygunge,,5,625,Resale,Residential Land / Plot,0,0,0,,800
No,Yes,45 X 48,19,,Joka,2,6.2,287,New Property,Residential Land / Plot,1,1,0,25,2160
No,Yes,,43,,Joka,,1.4,409,Resale,Residential Land / Plot,0,0,0,,342
Yes,Yes,,0,2,Nabadwip,,17,1693,Resale,Residential Land / Plot,0,0,0,,1004
No,No,26.8 X 53.7,3,Congo,"Kamalgazi, Narendrapur",2,14,972,New Property,Residential Land / Plot,0,1,0,7,1440
Yes,No,,2,,Garia,2,135,3750,Resale,Residential Land / Plot,0,1,0,10,3600
Yes,No,,2,3,Purba Barisha,2,42,2471,Resale,Residential Land / Plot,0,0,0,5,1700
Yes,No,,2,3,Dum Dum,,45,2308,Resale,Residential Land / Plot,0,0,0,,1950
Yes,Yes,,0,,Shyamnagar,,30,2500,Resale,Residential Land / Plot,0,0,0,,1200
No,No,,0,5,Sonarpur,,50,1389,Resale,Residential Land / Plot,0,0,0,,3600
Yes,No,,3,3,Chak Garia,2,81,3932,Resale,Residential Land / Plot,0,0,0,9,2060
Yes,No,,4,5,Sonarpur,,90,2500,Resale,Residential Land / Plot,0,0,0,,3600
No,No,,0,Congo,Kaikhali,2,50,3401,Resale,Residential Land / Plot,0,0,0,7,1470
Yes,Yes,,5,10,Joka,3,4,278,Resale,Residential Land / Plot,0,0,0,10,1440
Yes,No,,0,2,Nabapally,3,16,1103,Resale,Residential Land / Plot,0,0,0,4,1450
No,No,,0,Congo,Habra,1,37,494,Resale,Residential Land / Plot,0,0,0,10,7488
No,No,,0,,Rajarhat,,15,260,Resale,Residential Land / Plot,0,0,0,,5760
No,No,,0,4,Thakurpukur,1,20,925,Resale,Residential Land / Plot,1,1,0,7,2160
No,No,,4,,Behala,3,7,536,Resale,Residential Land / Plot,0,0,0,10,1305
Yes,No,,4,,Barasat,,45,3125,Resale,Residential Land / Plot,0,0,0,,1440
Yes,No,53.7 X 40.2,5,1,Bishnupur,1,33,1528,Resale,Residential Land / Plot,0,0,0,10,2160
Yes,Yes,,0,4,Sonarpur,2,33,417,New Property,Residential Land / Plot,0,1,0,10,7921
No,No,,3,1,Sonarpur,,9.5,380,Resale,Residential Land / Plot,0,0,0,,2500
No,No,45 X 32,2,,Rajarhat,2,14.8,1028,New Property,Residential Land / Plot,1,1,0,30,1440
Yes,No,,0,4,Sonarpur,,330,2200,Resale,Residential Land / Plot,0,0,0,,15000
No,No,45 X 24,7,,Joka,1,4.1,382,New Property,Residential Land / Plot,1,0,0,6,1080
No,No,32.8 X 49.2,1,1,Action Area 3,4,85,5264,Resale,Residential Land / Plot,1,1,0,13,1615
No,No,,0,,"Hooghly Ghat, Hooghly",1,30,2000,Resale,Residential Land / Plot,0,0,0,10,1500
No,No,45 X 32,7,,Joka,1,5.5,382,New Property,Residential Land / Plot,1,0,0,5,1440
Yes,Yes,,1,4,Joka,2,2,139,Resale,Residential Land / Plot,0,0,0,16,1440
Yes,Yes,35 X 41.14,24,6,New Town,2,20.2,1400,New Property,Residential Land / Plot,0,1,0,10,1440
Yes,Yes,40 X 36,4,5,"Chinar Park, Rajarhat",2,22.8,1583,New Property,Residential Land / Plot,0,1,0,40,1440
No,No,,0,4,Ichapur,,80.8,295,Resale,Residential Land / Plot,0,0,0,,27360
No,Yes,45 X 32,4,4,Omarhati,2,7.4,514,New Property,Residential Land / Plot,1,1,0,30,1440
No,No,,0,,Bhadreswar,1,24,1191,Resale,Residential Land / Plot,0,0,0,10,2015
No,No,,0,4,Joka,,12,833,Resale,Residential Land / Plot,0,0,0,,1440
Yes,Yes,,0,4,Garia,,130,1389,Resale,Residential Land / Plot,0,0,0,,9361
No,No,,1,1,"Kamalgazi, Narendrapur",,20,1380,New Property,Residential Land / Plot,0,0,0,,1449
No,No,,0,3,Jagacha,,40,1860,Resale,Residential Land / Plot,0,0,0,,2150
Yes,Yes,,0,3,Sonarpur,,30,2000,Resale,Residential Land / Plot,0,0,0,,1500
No,No,66 X 50,1,4,Sodepur,1,26,788,Resale,Residential Land / Plot,0,1,0,20,3300
Yes,Yes,60 X 30,24,5,Action Area 3,2,27,1500,New Property,Residential Land / Plot,0,1,0,10,1800
No,No,2039 X 778,0,,Sonarpur,2,12,556,Resale,Residential Land / Plot,0,0,0,3,2160
Yes,Yes,,0,6,Dankuni,,410,804,Resale,Residential Land / Plot,0,0,0,,50970
No,No,73 X 34.52,0,1,Nayabad,1,70,2778,Resale,Residential Land / Plot,0,0,0,4,2520
No,Yes,,11,,Harinavi,2,110,1019,Resale,Residential Land / Plot,0,0,0,1,10800
No,No,,0,3,North 24 Parganas,,12,833,Resale,Residential Land / Plot,0,0,0,,1440
No,No,,0,1,Joka,,4,139,Resale,Residential Land / Plot,0,0,0,,2880
No,No,,0,1,Thakurpukur,,8,556,Resale,Residential Land / Plot,0,0,0,,1440
Yes,Yes,,25,5,Action Area 2,2,75,2344,Resale,Residential Land / Plot,1,1,1,16,3200
Yes,Yes,18 X 40,1,3,"Amtala, Diamond Harbour Road",1,4.9,681,New Property,Residential Land / Plot,0,1,0,10,720
Yes,Yes,18 X 40,1,3,"Amtala, Diamond Harbour Road",2,5,694,New Property,Residential Land / Plot,0,1,0,10,720
Yes,Yes,36 X 40,1,3,"Amtala, Diamond Harbour Road",1,10,694,New Property,Residential Land / Plot,0,1,0,10,1440
Yes,Yes,45 X 32,2,4,Rajarhat,2,15.6,1083,New Property,Residential Land / Plot,1,1,0,25,1440
Yes,No,,0,3,Birati,,40,2999,Resale,Residential Land / Plot,0,0,0,,1334
No,No,,0,,Ichapur,,30,2609,Resale,Residential Land / Plot,0,0,0,,1150
No,No,60 X 68.1,1,1,Action Area 3,4,95,2325,Resale,Residential Land / Plot,1,1,0,15,4086
No,No,,0,3,Sodepur,,13,903,Resale,Residential Land / Plot,0,0,0,,1440
Yes,No,,0,3,Gayeshpur,,45,1042,Resale,Residential Land / Plot,0,0,0,,4320
No,No,,0,3,"Chandannagar, Hooghly-Chinsurah",2,20,1852,Resale,Residential Land / Plot,0,0,0,10,720
No,No,,0,,Bhagabanpur,1,38.5,2567,Resale,Residential Land / Plot,0,0,0,20,1500
Yes,Yes,60 X 60,1,6,Action Area 3,2,44,1222,New Property,Residential Land / Plot,1,1,0,50,3600
Yes,Yes,36 X 40,2,3,"Amtala, Diamond Harbour Road",2,10.5,729,New Property,Residential Land / Plot,1,1,0,10,1440
Yes,No,,0,5,Baduria,,10,694,Resale,Residential Land / Plot,0,0,0,,1440
Yes,Yes,,3,,Agarpara,4,1000,2296,Resale,Residential Land / Plot,0,0,0,10,43560
Yes,No,,0,5,Rajarhat,2,75,2679,Resale,Residential Land / Plot,0,1,0,20,2800
Yes,Yes,45 X 34,6,2,Joka,3,4.9,319,New Property,Residential Land / Plot,1,1,0,7,1530
No,No,,0,,"Haridevpur, Paschim Putiary",,5.5,544,Resale,Residential Land / Plot,0,0,0,,1011
Yes,Yes,40 X 90,24,5,New Town,2,57,1583,New Property,Residential Land / Plot,0,0,0,10,3600
Yes,Yes,,7,,Action Area 3,,26,1806,Resale,Residential Land / Plot,0,0,0,,1440
Yes,Yes,,0,3,Pailan,,30,1042,Resale,Residential Land / Plot,0,0,0,,2880
No,No,,0,3,Joka,,11,170,Resale,Residential Land / Plot,0,0,0,,6481
Yes,No,,0,4,Rajarhat,,60,2083,Resale,Residential Land / Plot,0,0,0,,2880
Yes,Yes,,0,3,Jadavpur,,45,2866,Resale,Residential Land / Plot,0,0,0,,1570
Yes,Yes,35 X 41.14,24,5,New Town,2,22.5,1562,New Property,Residential Land / Plot,0,0,0,10,1440
No,Yes,,0,1,Hatiara,,50,1736,Resale,Residential Land / Plot,0,0,0,,2880
Yes,No,,0,6,Rajarhat,1,4.5,300,Resale,Residential Land / Plot,0,1,0,13,1500
Yes,No,,0,6,Rajarhat,2,95,2714,Resale,Residential Land / Plot,0,1,0,16,3500
Yes,Yes,50 X 57.6,24,5,New Town,2,46,1597,New Property,Residential Land / Plot,0,1,0,10,2880
Yes,Yes,45 X 42,6,3,Joka,2,6,319,New Property,Residential Land / Plot,1,1,0,7,1890
Yes,Yes,48 X 46,5,3,Joka,2,7,319,New Property,Residential Land / Plot,1,1,0,7,2208
Yes,No,60 X 50,7,4,Joka,2,9.6,319,New Property,Residential Land / Plot,1,1,0,7,3000
Yes,Yes,62 X 60,7,4,Joka,2,11.9,319,New Property,Residential Land / Plot,1,1,0,7,3720
Yes,No,60 X 36,8,2,Amarabati,2,54,2500,Resale,Residential Land / Plot,0,1,0,5,2160
Yes,No,,0,,Mukundapur,2,55,3820,Resale,Residential Land / Plot,0,0,0,6,1440
Yes,Yes,300000 X 300000,9,2,Bagnan,3,140,803,Resale,Residential Land / Plot,1,1,0,10,17420
Yes,No,,0,3,Rajarhat,,30,1470,Resale,Residential Land / Plot,0,0,0,,2041
Yes,Yes,40 X 45,7,3,Action Area 3,1,30,1667,New Property,Residential Land / Plot,1,1,0,8,1800
Yes,No,,0,3,Baruipur,,8.6,800,Resale,Residential Land / Plot,0,0,0,,1080
No,No,30 X 36.67,12,Congo,Joka,1,3.3,295,New Property,Residential Land / Plot,1,1,0,25,1100
Yes,Yes,36 X 40,2,1,"Amtala, Diamond Harbour Road",2,10,694,New Property,Residential Land / Plot,1,0,0,7,1440
No,No,,17,,Thakurpukur,,50,2500,Resale,Residential Land / Plot,0,0,0,,2000
Yes,Yes,18 X 40,1,3,"Amtala, Diamond Harbour Road",1,4.9,681,New Property,Residential Land / Plot,0,1,0,10,720
Yes,Yes,,0,1,Krishnanagar,,35,556,Resale,Residential Land / Plot,0,0,0,,6300
Yes,Yes,,0,,Bagnan,,125,2170,Resale,Residential Land / Plot,0,0,0,,5761
Yes,Yes,36 X 40,1,3,"Amtala, Diamond Harbour Road",2,10,694,New Property,Residential Land / Plot,0,1,0,10,1440
Yes,Yes,18 X 40,0,3,"Amtala, Diamond Harbour Road",1,5,694,New Property,Residential Land / Plot,0,1,0,10,720
Yes,No,,4,1,Barasat,2,40,2778,Resale,Residential Land / Plot,0,1,0,12,1440
Yes,Yes,60 X 48,6,4,Joka,2,9.2,319,New Property,Residential Land / Plot,1,1,0,7,2880
No,No,636 X 22,0,,Haripal,4,9,331,Resale,Residential Land / Plot,0,0,0,7,2722
Yes,Yes,45 X 42,7,3,Joka,2,5.2,277,New Property,Residential Land / Plot,1,1,0,7,1890
Yes,Yes,,0,1,"Chinar Park, Rajarhat",,80,2137,Resale,Residential Land / Plot,0,0,0,,3743
No,No,,0,,Jagacha,1,38,1242,Resale,Residential Land / Plot,0,0,0,5,3060
Yes,Yes,36 X 40,9,3,Action Area 3,1,24,1667,New Property,Residential Land / Plot,1,1,0,8,1440
No,No,71 X 33,1,,Maheshtala,1,45,1000,Resale,Residential Land / Plot,0,0,0,3,4500
Yes,Yes,60 X 60,10,4,Joka,2,10,278,New Property,Residential Land / Plot,1,1,0,7,3600
Yes,Yes,45 X 32,4,2,Joka,2,4.6,319,New Property,Residential Land / Plot,1,1,0,7,1440
Yes,No,,3,1,Rajarhat,,75,2083,Resale,Residential Land / Plot,0,0,0,,3600
Yes,Yes,45 X 40,6,3,Joka,2,5.8,319,New Property,Residential Land / Plot,1,1,0,7,1800
No,No,52.5 X 28.57,2,1,Purba Barisha,4,20,1333,Resale,Residential Land / Plot,0,1,0,4,1500
No,No,50 X 36,3,3,Rajarhat,1,19,1056,New Property,Residential Land / Plot,0,1,0,10,1800
Yes,No,,0,1,Birati,2,48,2286,Resale,Residential Land / Plot,1,1,0,3,2100
Yes,Yes,48 X 60,6,3,Action Area 3,1,48,1667,New Property,Residential Land / Plot,1,1,0,10,2880
Yes,Yes,60 X 50,9,4,Joka,2,8.3,277,New Property,Residential Land / Plot,1,0,0,7,3000
Yes,No,,0,3,Santipur,3,18,590,Resale,Residential Land / Plot,0,0,0,4,3050
No,Yes,24 X 30,13,,"Diamond Park, Joka",1,2.3,318,New Property,Residential Land / Plot,1,1,0,25,720
No,No,35 X 41.14,0,3,Ichapur,3,13,903,Resale,Residential Land / Plot,0,0,0,12,1440
Yes,Yes,145.83 X 96,6,1,Madhyamgram,1,260,1857,Resale,Residential Land / Plot,0,1,0,10,14000
No,Yes,,0,3,Jorabagan,,150,3750,Resale,Residential Land / Plot,0,0,0,,4000
Yes,No,,0,5,Howrah,,150,1488,Resale,Residential Land / Plot,0,0,0,,10080
No,No,,0,,Garia,,10,694,Resale,Residential Land / Plot,0,0,0,,1440
No,No,1 X 400,16,,Thakurpukur,1,2.3,312,New Property,Residential Land / Plot,1,1,1,60,725
Yes,No,47 X 33,0,,Sodepur,2,24.5,1701,Resale,Residential Land / Plot,0,0,0,3,1440
Yes,Yes,,0,,Rajarhat,2,19.6,1361,Resale,Residential Land / Plot,0,0,0,10,1440
Yes,No,24 X 30,8,3,Bhasa,4,1,139,New Property,Residential Land / Plot,0,0,0,8,720
Yes,Yes,36 X 40,1,3,New Town,2,26.1,1812,New Property,Residential Land / Plot,0,1,0,10,1440
Yes,Yes,18 X 40,1,3,Action Area 3,1,12.5,1736,New Property,Residential Land / Plot,0,1,0,10,720
Yes,No,134 X 32.2,4,1,Baruipur,3,40,926,Resale,Residential Land / Plot,0,0,0,4,4320
Yes,Yes,20 X 108,3,2,"Tollygunge Phari, Tollygunge",1,60,2778,Resale,Residential Land / Plot,0,0,0,4,2160
Yes,Yes,,1,4,Joka,4,2.7,188,Resale,Residential Land / Plot,0,0,0,25,1440
Yes,Yes,40 X 45,8,3,New Town,1,31.3,1736,New Property,Residential Land / Plot,1,1,0,13,1800
Yes,Yes,,0,,"Silpara, Purba Barisha",,42,1458,Resale,Residential Land / Plot,0,0,0,,2880
No,No,,4,,New Town,4,12,1667,Resale,Residential Land / Plot,0,0,0,10,720
Yes,Yes,32 X 45,4,3,Action Area 2,3,14.8,1028,Resale,Residential Land / Plot,1,1,0,7,1440
No,No,26.8 X 53.7,0,Congo,Joka,3,11,764,New Property,Residential Land / Plot,1,1,0,20,1440
No,No,2683 X 0.54,6,Congo,Joka,3,8,554,New Property,Residential Land / Plot,1,1,0,20,1440
No,No,2683 X 0.81,7,Congo,Joka,3,13.5,625,New Property,Residential Land / Plot,1,0,0,20,2160
Yes,No,,1,,Konnagar,3,45,2432,Resale,Residential Land / Plot,0,0,0,5,1850
Yes,Yes,36 X 20,10,4,Joka,2,1.4,194,Resale,Residential Land / Plot,1,1,0,25,720
Yes,No,,0,6,Chakdaha,,225,2083,Resale,Residential Land / Plot,0,0,0,,10800
Yes,No,,0,4,Harinavi,,40,1852,Resale,Residential Land / Plot,0,0,0,,2160
Yes,Yes,60 X 60,9,4,Action Area 3,1,61,1694,New Property,Residential Land / Plot,1,1,0,10,3600
No,No,,3,,New Town,3,12,833,Resale,Residential Land / Plot,0,0,0,10,1440
Yes,No,,0,4,Parnasree Palli,,38.5,1528,Resale,Residential Land / Plot,0,0,0,,2160
No,No,24 X 30,5,,"Diamond Park, Joka",1,2.7,374,New Property,Residential Land / Plot,1,1,0,25,720
No,No,23 X 28.26,13,,"Diamond Park, Joka",1,1.6,238,New Property,Residential Land / Plot,1,1,0,10,650
Yes,Yes,45 X 40,0,4,Joka,2,10,556,New Property,Residential Land / Plot,1,1,0,7,1800
Yes,Yes,,0,4,Bramhapur,,35,2430,Resale,Residential Land / Plot,0,0,0,,1440
Yes,Yes,,0,4,Bramhapur,,35,2430,Resale,Residential Land / Plot,0,0,0,,1440
Yes,Yes,90 X 40,24,1,New Town,2,47.7,1325,New Property,Residential Land / Plot,0,1,0,10,3600
No,No,,0,3,"Amtala, Diamond Harbour Road",4,13,903,Resale,Residential Land / Plot,0,0,0,25,1440
Yes,Yes,80 X 36,24,5,New Town,2,38.2,1325,New Property,Residential Land / Plot,0,1,0,10,2880
No,Yes,24 X 30,6,,Joka,1,2.5,346,New Property,Residential Land / Plot,1,1,0,10,720
No,No,,0,2,Madhyamgram,,160,941,Resale,Residential Land / Plot,0,0,0,,17000
Yes,Yes,45 X 48,3,3,Action Area 3,1,36.6,1694,New Property,Residential Land / Plot,1,1,0,10,2160
No,No,,3,Congo,Tribeni,3,30,2000,Resale,Residential Land / Plot,0,1,0,19,1500
Yes,Yes,,0,4,Barrackpore,,45,2500,Resale,Residential Land / Plot,0,0,0,,1800
Yes,Yes,48 X 60,6,4,Action Area 3,1,48.8,1694,New Property,Residential Land / Plot,1,1,0,10,2880
Yes,Yes,,0,4,New Town,4,26,1806,Resale,Residential Land / Plot,0,1,0,8,1440
Yes,Yes,,0,,Joka,2,1.6,111,Resale,Residential Land / Plot,0,0,0,8,1440
Yes,Yes,,2,3,Joka,2,1.6,111,Resale,Residential Land / Plot,0,0,0,8,1440
Yes,No,,4,3,Sarsuna,2,10,493,Resale,Residential Land / Plot,0,0,0,1,2027
No,No,,2,4,Action Area 3,,56,1111,Resale,Residential Land / Plot,0,0,0,,5040
Yes,Yes,,0,4,New Town,4,28,1944,Resale,Residential Land / Plot,0,1,0,9,1440
No,No,22 X 32.73,3,,Joka,1,2.9,396,New Property,Residential Land / Plot,1,1,0,10,720
Yes,Yes,,0,5,Serampore,3,280,3889,Resale,Residential Land / Plot,0,0,0,4,7200
Yes,Yes,32 X 45,6,3,Action Area 3,1,24.4,1694,New Property,Residential Land / Plot,1,1,0,10,1440
Yes,No,,0,5,Thakurnagar,,22.7,874,Resale,Residential Land / Plot,0,0,0,,2592
Yes,No,,0,5,Notun Pally,2,9.5,660,Resale,Residential Land / Plot,0,0,0,3,1440
No,No,,5,,Baduria,,275,255,New Property,Residential Land / Plot,1,0,0,,57600
Yes,Yes,40 X 45,3,3,Action Area 3,2,30.5,1694,New Property,Residential Land / Plot,1,1,0,10,1800
No,No,,2,,Joka,3,2.8,191,Resale,Residential Land / Plot,0,0,0,10,1440
Yes,Yes,,0,4,Barasat,3,42.5,1967,Resale,Residential Land / Plot,0,0,0,10,2160
Yes,No,,1,,"Halisahar, Kanchrapara",3,34,2361,Resale,Residential Land / Plot,0,0,0,3,1440
Yes,No,,0,4,"New Garia, Garia",,96,1111,Resale,Residential Land / Plot,0,0,0,,8641
Yes,No,,0,3,Birati,,130,4012,Resale,Residential Land / Plot,0,0,0,,3240
No,No,40 X 35,1,3,"International Airport, Dum Dum, Jessore Road",2,40,2857,Resale,Residential Land / Plot,0,1,0,2,1400
No,No,24 X 30,9,,"Diamond Park, Joka",2,4,554,New Property,Residential Land / Plot,1,1,0,25,720
No,No,,0,,Boral,,100,368,New Property,Residential Land / Plot,0,1,0,,27180
Yes,No,,0,5,Sonarpur,,100,1736,Resale,Residential Land / Plot,0,0,0,,5761
Yes,No,45 X 48,6,3,Action Area 3,1,37.5,1736,New Property,Residential Land / Plot,1,1,0,13,2160
No,No,,0,5,Kalagachhia,,14,737,Resale,Residential Land / Plot,0,0,0,,1900
No,No,,0,,Action Area 3,1,35,1944,Resale,Residential Land / Plot,0,0,0,15,1800
No,No,50 X 43.2,18,,Joka,2,6,277,New Property,Residential Land / Plot,1,1,0,30,2160
Yes,No,,0,4,Amherst Street,,1000,365,Resale,Residential Land / Plot,0,0,0,,273600
No,No,43.1 X 29,0,3,"Sewli Telinipara, Barrackpore",2,32,2560,Resale,Residential Land / Plot,0,1,0,10,1250
No,No,,3,,Jyangra,,80,3175,New Property,Residential Land / Plot,0,0,0,,2520
No,No,45 X 32,12,,Rajarhat,1,24,1667,Resale,Residential Land / Plot,0,1,0,12,1440
Yes,No,40 X 36,0,4,Rajarhat,2,44,3056,New Property,Residential Land / Plot,1,1,0,30,1440
No,No,,2,,Joka,2,8,556,Resale,Residential Land / Plot,0,0,0,20,1440
Yes,Yes,,1,,Rajarhat,2,30,1667,Resale,Residential Land / Plot,0,1,0,12,1800
Yes,Yes,45 X 32,5,4,Action Area 3,4,30,2083,New Property,Residential Land / Plot,1,1,0,9,1440
No,No,,0,,"Diamond Park, Joka",,55,2750,Resale,Residential Land / Plot,0,0,0,,2000
Yes,No,,0,,Shyamnagar,2,25,1736,Resale,Residential Land / Plot,0,0,0,12,1440
Yes,Yes,,0,,Baruipur,1,110,2546,Resale,Residential Land / Plot,0,0,0,10,4320
Yes,Yes,45 X 32,5,4,Action Area 3,4,29,2014,New Property,Residential Land / Plot,1,1,0,10,1440
Yes,No,,7,1,"Haridevpur, Paschim Putiary",2,22,3055,Resale,Residential Land / Plot,0,0,0,3,720
Yes,No,35 X 30.86,0,4,Rajarhat,2,32,2963,New Property,Residential Land / Plot,1,1,0,30,1080
Yes,Yes,,5,,Konnagar,,300,2976,Resale,Residential Land / Plot,1,1,0,,10080
Yes,Yes,,2,,Joka,2,2.5,347,Resale,Residential Land / Plot,0,0,0,8,720
No,Yes,20 X 36,10,,Joka,1,1.8,249,New Property,Residential Land / Plot,1,1,0,30,720
Yes,Yes,32 X 45,6,3,Action Area 3,1,25,1736,New Property,Residential Land / Plot,1,1,0,13,1440
Yes,Yes,45 X 32,5,4,Action Area 3,4,28.4,1972,New Property,Residential Land / Plot,1,1,0,9,1440
Yes,No,41.05 X 38.88,7,4,"New Garia, Garia",2,40,2778,Resale,Residential Land / Plot,0,1,0,6,1440
No,No,,8,4,Joka,,18,417,Resale,Residential Land / Plot,0,0,0,,4320
No,No,,0,,Thakurpukur,1,55,3667,Resale,Residential Land / Plot,0,0,0,10,1500
No,No,60 X 37,0,Congo,Chinsurah,2,55,2477,Resale,Residential Land / Plot,0,1,0,12,2220
No,No,,0,,Behala,,300,1667,Resale,Residential Land / Plot,0,0,0,,18000
No,No,,3,Congo,Sodepur,4,85,1816,Resale,Residential Land / Plot,0,0,0,10,4680
No,No,,0,5,Chinsurah,1,75,4121,Resale,Residential Land / Plot,0,0,0,6,1820
No,No,,0,Congo,Sonarpur,4,1,139,New Property,Residential Land / Plot,0,0,0,16,720
Yes,Yes,50 X 22,4,3,Subhayan Park,1,12,1091,Resale,Residential Land / Plot,0,1,0,12,1100
No,Yes,150 X 75,0,,Andul,2,22,204,Resale,Residential Land / Plot,0,0,0,2,10800
No,No,,18,2,Joka,2,1.4,97,Resale,Residential Land / Plot,0,0,0,25,1440
Yes,No,,0,1,Mukundapur,,50,2778,Resale,Residential Land / Plot,0,0,0,,1800
No,No,,3,Congo,Behala,1,100,1837,Resale,Residential Land / Plot,0,0,0,4,5444
No,No,,4,Congo,Birati,1,76,3510,Resale,Residential Land / Plot,0,0,0,10,2165
Yes,No,40 X 29.82,6,3,Howrah,2,42,3521,Resale,Residential Land / Plot,1,1,0,3,1193
No,No,,0,,New Town,1,30,1389,Resale,Residential Land / Plot,0,0,0,10,2160
Yes,No,,0,4,Habra,,15,429,Resale,Residential Land / Plot,0,0,0,,3500
No,No,45 X 64,20,,Joka,2,12,417,New Property,Residential Land / Plot,1,1,0,25,2880
No,No,24 X 30,12,,Joka,1,1.8,243,New Property,Residential Land / Plot,1,0,0,25,720
No,No,57.4 X 188,1,1,Duttapukur,4,300,2778,Resale,Residential Land / Plot,0,0,0,149,10800
No,No,,0,3,Gobindapur,2,35,479,New Property,Residential Land / Plot,0,0,0,5,7300
No,Yes,45 X 40,12,,Joka,1,6.3,347,New Property,Residential Land / Plot,1,1,0,25,1800
Yes,Yes,45 X 32,7,2,Joka,2,4,278,New Property,Residential Land / Plot,1,1,0,7,1440
No,No,,0,,Barasat,2,21,1458,Resale,Residential Land / Plot,0,0,0,3,1440
Yes,Yes,,4,3,Purba Putiary,1,60,2778,Resale,Residential Land / Plot,0,1,0,16,2160
Yes,Yes,45 X 40,11,3,Joka,2,5,278,New Property,Residential Land / Plot,1,1,0,7,1800
Yes,Yes,48 X 45,7,3,Joka,2,6,278,New Property,Residential Land / Plot,1,1,0,7,2160
Yes,Yes,60 X 48,9,4,Joka,2,8,278,New Property,Residential Land / Plot,1,1,0,7,2880
No,No,,0,5,Debinagar,2,10,549,Resale,Residential Land / Plot,0,0,0,16,1823
Yes,No,1852 X 1395,1,,Joka,2,80,1111,Resale,Residential Land / Plot,0,0,0,5,7201
No,No,,1,3,Baruipur,3,20,1389,Resale,Residential Land / Plot,0,0,0,10,1440
No,No,,0,,Andul,2,22,1760,Resale,Residential Land / Plot,1,1,0,2,1250
Yes,No,,0,1,Subhasgram,,22,808,Resale,Residential Land / Plot,0,0,0,,2722
Yes,No,,0,,Chinsurah,2,30,1389,Resale,Residential Land / Plot,0,0,0,3,2160
Yes,Yes,,0,,Bansdroni,,30,521,Resale,Residential Land / Plot,0,0,0,,5760
No,No,,3,Congo,Bisharpara,1,29,2014,Resale,Residential Land / Plot,0,0,0,10,1440
No,No,215 X 188,8,20,Jessore Road,4,300,2778,Resale,Residential Land / Plot,1,1,0,50,10800
Yes,Yes,18 X 40,1,3,"Amtala, Diamond Harbour Road",2,4.8,667,New Property,Residential Land / Plot,0,1,0,10,720
Yes,Yes,62 X 60,10,4,Joka,2,10.3,277,New Property,Residential Land / Plot,1,0,0,7,3720
No,No,,0,Congo,Sodepur,4,55,1708,Resale,Residential Land / Plot,0,0,0,14,3220
Yes,Yes,48 X 46,10,3,Joka,2,6.1,277,New Property,Residential Land / Plot,1,0,0,7,2208
Yes,Yes,,0,5,Belur,,103,3200,Resale,Residential Land / Plot,0,0,0,,3240
Yes,No,,0,1,Bansdroni,,80,3704,Resale,Residential Land / Plot,0,0,0,,2160
No,No,,0,,"Narendrapur, Rajpur Sonarpur",,70,1944,Resale,Residential Land / Plot,0,1,0,,3600
Yes,Yes,137 X 37,0,2,Chakraborty Para,2,110,2170,Resale,Residential Land / Plot,0,1,0,13,5069
No,No,50 X 32,0,,Andul,2,26,1625,Resale,Residential Land / Plot,0,0,0,2,1600
Yes,Yes,48 X 45,6,3,Joka,2,6.9,319,New Property,Residential Land / Plot,1,1,0,7,2160
No,No,,0,4,Dankuni,2,27,1467,Resale,Residential Land / Plot,0,0,0,8,1840
Yes,Yes,40.28 X 36,15,3,Action Area 3,2,20,1379,New Property,Residential Land / Plot,1,1,0,42,1450
Yes,Yes,60 X 60,6,4,Joka,2,11.5,319,New Property,Residential Land / Plot,1,1,0,7,3600
Yes,No,,0,2,Birati,,40,3279,Resale,Residential Land / Plot,0,0,0,,1220
Yes,Yes,,0,4,New Town,4,26,1806,Resale,Residential Land / Plot,0,1,0,8,1440
Yes,No,,0,4,Bangaon,,112,1944,Resale,Residential Land / Plot,0,0,0,,5761
No,No,40 X 36,18,,Joka,2,3.5,485,New Property,Residential Land / Plot,1,1,0,25,720
No,No,24 X 30,14,Congo,Joka,1,2.5,340,New Property,Residential Land / Plot,1,1,0,25,720
Yes,Yes,50 X 72,7,3,Joka,2,11,306,New Property,Residential Land / Plot,0,0,0,8,3600
Yes,No,40 X 36,0,Congo,Barasat,1,8.5,590,Resale,Residential Land / Plot,0,0,0,20,1440
No,No,40 X 27,1,Congo,Action Area 3,2,16.4,1522,New Property,Residential Land / Plot,1,1,0,10,1080
No,No,45 X 31.11,3,Congo,Rajarhat,2,21,1500,New Property,Residential Land / Plot,1,1,0,50,1400
Yes,No,,0,5,Basirhat,2,15,1042,Resale,Residential Land / Plot,0,0,0,5,1440
No,No,26.8 X 134,5,4,Sodepur,1,35,972,Resale,Residential Land / Plot,0,1,0,30,3600
No,No,24 X 30.83,12,,Joka,2,2.5,338,New Property,Residential Land / Plot,1,1,0,20,740
No,No,45 X 32.09,8,Congo,Joka,1,5,346,New Property,Residential Land / Plot,1,1,0,25,1444
Yes,Yes,,0,4,Howrah,1,26,1337,Resale,Residential Land / Plot,0,0,0,10,1440
Yes,Yes,,0,4,Sonarpur,1,134,930,New Property,Residential Land / Plot,0,1,0,20,14400
Yes,Yes,,1,3,Sonarpur,1,30,1667,New Property,Residential Land / Plot,0,0,0,4,1800
No,No,,6,,New Town,,10.3,1424,New Property,Residential Land / Plot,0,0,0,,720
No,No,,6,,New Town,,12.8,1181,New Property,Residential Land / Plot,0,0,0,,1080
No,Yes,,0,10,Santragachi,4,1000,3472,Resale,Residential Land / Plot,0,1,0,20,28800
No,No,150 X 150.6,0,5,Barrackpore,4,100,443,Resale,Residential Land / Plot,0,1,0,7,22590
Yes,No,76 X 56,0,5,Sonarpur,2,90,2115,Resale,Residential Land / Plot,0,0,0,9144,4256
No,No,,0,3,Sonarpur,,30,595,Resale,Residential Land / Plot,0,0,0,,5040
Yes,Yes,42 X 45.24,2,5,New Town,2,22.3,1171,New Property,Residential Land / Plot,1,1,0,30,1900
No,No,82 X 105.37,2,3,Sonarpur,1,48,556,New Property,Residential Land / Plot,0,1,0,4,8640
No,No,45 X 40,12,,"Diamond Park, Joka",1,4.4,244,New Property,Residential Land / Plot,1,1,0,25,1800
No,No,45 X 48,15,,"Diamond Park, Joka",1,5.2,241,New Property,Residential Land / Plot,1,1,0,25,2160
No,No,50 X 90,0,4,Sonarpur,1,24,533,New Property,Residential Land / Plot,0,1,0,50,4500
Yes,Yes,40 X 36,1,5,Rajarhat,2,22.5,1562,New Property,Residential Land / Plot,1,0,0,40,1440
No,No,45 X 24,5,,"Amtala, Diamond Harbour Road",1,6,556,New Property,Residential Land / Plot,1,0,0,5,1080
No,No,,0,4,New Town,,30,2083,Resale,Residential Land / Plot,0,0,0,,1440
Yes,No,2.68 X 1073,2,4,"H B Town, Sodepur",2,80,2778,Resale,Residential Land / Plot,0,0,0,5,2880
Yes,No,,0,3,Garia,,120,1852,Resale,Residential Land / Plot,0,0,0,,6481
Yes,Yes,18 X 40,1,3,Rajarhat,2,12,1667,New Property,Residential Land / Plot,0,1,0,6,720
No,No,45 X 32,7,,"Amtala, Diamond Harbour Road",1,8,556,New Property,Residential Land / Plot,1,0,0,5,1440
No,Yes,171 X 114,15,4,Action Area 3,4,8.5,131,New Property,Residential Land / Plot,1,1,0,25,6480
No,No,,3,Congo,Chakdaha,1,12,800,Resale,Residential Land / Plot,0,0,0,6,1500
No,No,35 X 61.71,2,3,Sonarpur,1,4.5,208,New Property,Residential Land / Plot,0,0,0,25,2160
No,No,,0,2,S S Twp Sarsuna,3,70,353,Resale,Residential Land / Plot,0,0,0,10,19850
No,No,40 X 36,1,3,Sonarpur,1,4.1,285,New Property,Residential Land / Plot,0,1,0,3,1440
No,No,35 X 50,0,3,Sonarpur,1,8.5,486,New Property,Residential Land / Plot,0,0,0,6,1750
Yes,Yes,30 X 216,2,4,Sonarpur,1,63,972,New Property,Residential Land / Plot,0,0,0,33,6480
Yes,Yes,161 X 139,7,3,"Narayanpur, Gopalpur Gram",4,300,1344,Resale,Residential Land / Plot,0,1,0,10,22320
Yes,No,1 X 2162,1,1,Action Area 3,1,100,4625,Resale,Residential Land / Plot,0,0,0,1,2162
Yes,Yes,45 X 40,2,3,Rajarhat,1,25,1389,New Property,Residential Land / Plot,0,1,0,5,1800
Yes,Yes,43 X 42,0,4,Chak Garia,2,65,3599,Resale,Residential Land / Plot,0,1,0,7,1806
Yes,No,,0,4,Behala,,100,4629,Resale,Residential Land / Plot,0,0,0,,2160
No,No,45 X 32,6,4,"Amtala, Diamond Harbour Road",2,10,694,New Property,Residential Land / Plot,1,0,0,5,1440
No,No,,0,5,Rajpur Sonarpur,3,1200,1115,Resale,Residential Land / Plot,0,0,0,10,57600
No,No,63 X 30,0,Congo,"Narendrapur, Rajpur Sonarpur",1,28,1400,Resale,Residential Land / Plot,0,0,0,12,2000
Yes,No,,0,4,Khardaha,,22,1528,Resale,Residential Land / Plot,0,0,0,,1440
No,No,,0,5,Habra,,50,1389,Resale,Residential Land / Plot,0,0,0,,3600
No,No,,0,,Bakkhali,,40,2939,Resale,Residential Land / Plot,0,0,0,,1361
No,Yes,24 X 30,17,,Joka,1,2.4,333,New Property,Residential Land / Plot,1,1,0,720,720
No,No,,0,3,Joka,2,3.6,250,Resale,Residential Land / Plot,0,0,0,10,1440
Yes,No,53.7 X 53.7,4,1,Sodepur,2,34,2361,Resale,Residential Land / Plot,0,0,0,6,1440
Yes,No,,0,2,Baghajatin Colony,1,80,3902,New Property,Residential Land / Plot,0,0,0,6,2050
No,No,,7,,Joka,1,1.6,111,Resale,Residential Land / Plot,0,0,0,7,1440
No,No,,0,,Sarsuna,,10,1435,Resale,Residential Land / Plot,0,0,0,,697
No,No,24 X 30.83,4,,Joka,1,2.7,365,New Property,Residential Land / Plot,1,1,0,25,740
No,No,,0,1,Hooghly,,32,735,Resale,Residential Land / Plot,0,0,0,,4355
Yes,No,,1,,Rajarhat,,250,2870,Resale,Residential Land / Plot,0,0,0,,8712
No,No,,1,,Hatiara,2,22,1158,Resale,Residential Land / Plot,0,0,0,10,1900
Yes,No,86 X 50.23,3,4,Pratapgarh Birati,1,90,2083,Resale,Residential Land / Plot,1,0,0,12,4320
No,No,663 X 295,3,1,Rajarhat,1,60,2778,Resale,Residential Land / Plot,0,1,0,2,2160
Yes,No,,3,5,Chakdaha,,80,2778,Resale,Residential Land / Plot,0,0,0,,2880
No,No,,1,Congo,Thakurpukur,1,1.2,1200,Resale,Residential Land / Plot,0,0,0,6,100
No,No,,0,3,Rajpur,,17.5,1215,Resale,Residential Land / Plot,0,0,0,,1440
No,No,45 X 48,8,,Joka,1,10.5,486,New Property,Residential Land / Plot,1,1,0,18,2160
No,No,,0,3,"Kudghat, Ashok Nagar",,30,1562,Resale,Residential Land / Plot,0,0,0,,1920
No,No,30 X 24,5,4,"Amtala, Diamond Harbour Road",2,5.5,764,New Property,Residential Land / Plot,1,1,0,5,720
No,No,45 X 64,19,Congo,Joka,1,8.8,306,New Property,Residential Land / Plot,1,1,0,25,2880
No,No,50 X 43.2,1,4,Sonarpur,1,9,417,New Property,Residential Land / Plot,0,1,0,5,2160
Yes,No,,0,5,Madhyamgram,,46,1769,Resale,Residential Land / Plot,0,0,0,,2600
No,No,30 X 24,6,4,"Amtala, Diamond Harbour Road",1,5,694,New Property,Residential Land / Plot,1,0,0,5,720
No,No,,0,3,Hooghly,,35,1556,Resale,Residential Land / Plot,0,0,0,,2250
No,No,,0,Congo,Ariadaha,1,62,2460,Resale,Residential Land / Plot,0,0,0,10,2520
No,No,45 X 32,15,,Joka,1,4.8,330,New Property,Residential Land / Plot,1,1,0,20,1440
No,No,,0,Congo,Hiland Park,2,35,972,Resale,Residential Land / Plot,0,1,0,7,3600
No,No,24 X 30,6,,Joka,2,3.3,451,New Property,Residential Land / Plot,1,1,0,20,721
Yes,No,18 X 40,1,3,Action Area 3,2,12,1667,New Property,Residential Land / Plot,0,0,0,10,720
Yes,Yes,,0,3,Action Area 3,2,12.5,1736,Resale,Residential Land / Plot,0,0,0,10,720
Yes,Yes,,0,4,"Haridevpur, Paschim Putiary",1,220,3819,Resale,Residential Land / Plot,0,0,0,5,5761
No,No,,0,,Pailan,,12,556,Resale,Residential Land / Plot,0,0,0,,2160
Yes,No,,0,,Madhyamgram,,36,1667,Resale,Residential Land / Plot,0,0,0,,2160
Yes,Yes,,0,,Pailan,,84,972,Resale,Residential Land / Plot,0,0,0,,8640
No,No,,0,3,Madhyamgram,,40,544,Resale,Residential Land / Plot,0,0,0,,7350
Yes,Yes,18 X 40,1,3,Action Area 3,2,12.1,1674,New Property,Residential Land / Plot,0,1,0,10,720
Yes,No,,0,,"Halisahar, Kanchrapara",2,120,800,Resale,Residential Land / Plot,0,0,0,3,15000
Yes,No,45 X 34,8,3,Action Area 3,2,22.7,1486,New Property,Residential Land / Plot,1,1,0,20,1530
No,No,,0,5,"Baliya, Garia",,180,417,Resale,Residential Land / Plot,0,0,0,,43200
No,No,,0,1,Subhasgram,,45,1042,Resale,Residential Land / Plot,0,0,0,,4320
No,No,66 X 48.79,7,5,Action Area 3,1,180,5590,Resale,Residential Land / Plot,0,1,0,13,3220
No,No,24 X 30,16,,Joka,1,3.4,465,New Property,Residential Land / Plot,1,1,0,30,720
No,Yes,24 X 30,8,Congo,Joka,1,3.3,451,New Property,Residential Land / Plot,1,1,0,25,720
Yes,Yes,,0,4,Uchhepota,3,19.5,103,Resale,Residential Land / Plot,0,0,0,20,18900
No,No,,0,5,Action Area 3,4,170,5264,Resale,Residential Land / Plot,0,0,0,20,3229
No,No,,0,Congo,Shyamnagar,2,20,617,Resale,Residential Land / Plot,0,0,0,10,3240
No,No,,0,,Madhyamgram,,600,617,New Property,Residential Land / Plot,0,1,0,,97200
Yes,No,,3,,Madhyamgram,,35,1750,Resale,Residential Land / Plot,0,0,0,,2000
No,No,,1,,Maheshtala,,52,1805,Resale,Residential Land / Plot,0,0,0,,2880
No,No,,0,5,Action Area 3,4,120,5574,Resale,Residential Land / Plot,0,0,0,13,2153
No,No,41 X 29,2,3,Rahara,3,16.9,1565,Resale,Residential Land / Plot,0,0,0,29,1080
No,No,2.42 X 1208,0,3,Birati,,40,1389,Resale,Residential Land / Plot,0,0,0,,2880
No,No,,3,,Batanagar,1,110,1389,Resale,Residential Land / Plot,0,0,0,10,7921
No,No,49 X 36,0,4,"Kamalgazi, Narendrapur",2,52,2900,Resale,Residential Land / Plot,0,0,0,4,1793
Yes,Yes,50 X 28.8,10,4,Joka,2,3.5,243,New Property,Residential Land / Plot,1,1,0,7,1440
No,Yes,,1,3,Howrah,,11,1528,Resale,Residential Land / Plot,0,0,0,,720
Yes,No,,0,3,"Chandannagar, Hooghly-Chinsurah",,15,735,Resale,Residential Land / Plot,0,0,0,,2041
Yes,Yes,,0,4,Sonarpur,,25,579,Resale,Residential Land / Plot,0,0,0,,4320
Yes,No,,0,5,Bisharpara,,40,2353,Resale,Residential Land / Plot,0,0,0,,1700
No,No,32 X 45,1,5,Sonarpur,2,6,417,New Property,Residential Land / Plot,0,1,0,6,1440
No,No,40 X 54,4,5,Sonarpur,2,9,417,New Property,Residential Land / Plot,0,1,0,6,2160
No,No,70 X 102.86,1,5,Sonarpur,2,20,278,Resale,Residential Land / Plot,0,1,0,6,7200
No,No,,0,4,Bagmari,,60,1377,Resale,Residential Land / Plot,0,0,0,,4356
Yes,Yes,18 X 40,2,3,Action Area 3,1,11,1528,New Property,Residential Land / Plot,0,1,0,6,720
Yes,No,,0,3,Madhyamgram,,17,1181,Resale,Residential Land / Plot,0,0,0,,1440
No,No,30 X 24,1,3,Joka,2,1.4,194,Resale,Residential Land / Plot,0,1,0,10,720
No,No,32 X 45,6,3,Action Area 3,1,17,1181,New Property,Residential Land / Plot,0,1,0,6,1440
No,Yes,,0,,"Silpara, Purba Barisha",,35,1215,Resale,Residential Land / Plot,0,0,0,,2880
No,No,60.4 X 107,0,1,Pailan,2,54,833,Resale,Residential Land / Plot,0,1,0,40,6481
